,clusterNumber100,PDBid,Protein_Chain,Interacting ssDNA chain,Interacting ssDNA sequence,Full DNA sequence
0,118,1rcn,E,D,1_A.T.A.A_4,1_<A.T.A.A>_4
0,144,6k4y,C,N,45_G.C.T.G_48,3_g.a.a.a.a.g.a.a.g.c.t.t.t.g.c.t.t.a.a.t.a.a.t.c.c.a.t.a.t.g.g.t.t.A.T.A.A.T.G.G.G.A<G.C.T.G>t.c.a.c.g.g.a.t.g.c.a.g.g_61
0,144,7khb,C,Y,28_C.A.T.T_31,1_c.t.c.g.t.a.g.a.g.t.c.c.g.t.g.t.c.a.G.T.G.G.T.G.G.C.G<C.A.T.T>A.T.a.g.g.g.a.g.t.t.a.t.t.c.c.g.g.c.c.t.g.a.c.a.a.g.a.g.g.a.a.a.t_64
0,144,6xl5,C,T,21_A.A.T.C.T_25,1_c.g.c.c.g.c.g.t.c.a.g.a.C.T.C.G.T.A.G.G<A.A.T.C.T>a.a.a.c.c.c.t.c.c.c.c.t.T.a.g.g.g.g.a.g.g.g.t.c.a.a.g.g.c_54
0,144,6xl5,C,N,73_G.C.A.G_76,35_g.c.c.t.t.g.a.c.c.c.t.c.c.c.c.t.A.a.g.g.g.g.a.g.g.g.t.t.t.A.G.A.T.T.G.T.G.T<G.C.A.G>t.c.t.g.a.c.g.c.g.g.c.g_88
0,144,6pst,I,P,32_A.A.T.G_35,20_c.a.a.a.g.g.c.c.g.a.g.g<A.A.T.G>C.g.c.c.c.t.t.t.t.a.g.c.c.t.t.c.t.t.t.t.g.t.c.a.a.t.g.g.a.t.t.t.g.t.g_70
0,144,6xh7,C,2,18_A.G.G.A_21,1_C.g.c.c.g.c.g.t.c.a.g<A.G.G.A>G.G.T.T.A.a.a.c.c.t.t.c.c.a.g.c.a.a.g.g.g.g.a.a.g.g.t.c.a.a.g.g.c_54
0,144,6xh7,C,1,69_G.T.G.T_72,35_g.c.c.t.t.g.a.c.c.t.t.c.c.c.c.t.t.g.c.t.g.g.a.a.g.g.t.t.T.A.A.C.C.T<G.T.G.T>G.C.A.G.T.c.t.g.a.c.g.c.g.g.c.G_88
0,144,6pb6,C,2,13_C.T.C.G.T.A.G.G.A.T.T.A.T_25,1_c.g.c.c.g.c.g.t.c.a.g.A<C.T.C.G.T.A.G.G.A.T.T.A.T>A.G.c.a.t.a.a.a.a.a.a.g.a.t.g.c.G.A.A.a.a.A.t.g.t.g.a.t.c.t.a.g.a.t.c.a.c.a.t.t.t.t.a.g.g.c.a.a.a.a.a.a.g_78
0,144,6pb6,C,1,73_G.T.G.C.A.G.T_79,13_c.t.t.t.t.t.t.g.c.c.t.a.a.a.a.t.g.t.g.a.t.c.t.a.g.a.t.c.a.c.a.T.t.t.T.T.C.g.c.a.t.c.t.t.t.t.t.t.a.t.g.C.T.A.T.A.A.T.G.T<G.T.G.C.A.G.T>c.t.g.a.c.g.c.g.g.c.g_90
0,144,6pb5,C,2,12_A.C.T.C.G_16,1_C.g.c.c.g.c.g.t.c.a.g<A.C.T.C.G>T.A.G.G.A.T.T.A.T.A.g.c.a.t.a.a.a.a.a.a.g.a.T.G.C.G.A.A.A.a.a.t.g.t.g.a.t.c.t.a.g.a.t.c.A.c.a.t.t.t.T.a.g.g.c.a.a.a.a.a.a.g_78
0,144,6pb5,C,1,73_G.T.G.C.A.G.T_79,13_c.t.t.t.t.t.t.g.c.c.t.A.a.a.a.t.g.T.g.a.t.c.t.a.g.a.t.c.a.c.a.T.t.t.T.T.C.G.C.A.t.c.t.t.t.t.t.t.a.t.g.c.T.A.T.A.A.T.G.T<G.T.G.C.A.G.T>c.t.g.a.c.g.c.g.g.c.G_90
0,144,6gh5,C,F,-2_C.C.C.A_1,-16_c.a.A.c.a.g.c.a.t.g.c.g.c.g<C.C.C.A>G.G.G.C.T.G.A.T.C.G.t.g.c.a.a.a.a.g.t.c.g.t.g.c.c.a.g.c_29
0,144,6gh5,C,G,-1_G.G.G.G_2,-29_g.c.t.g.g.c.a.c.g.a.c.t.t.t.t.g.c.a.C.T.C.G.A.C.T.A.A.A<G.G.G.G>c.g.c.g.c.a.t.g.c.t.g.T.t.g_16
0,144,3iyd,C,J,18_A.T.T.C.C.A_23,1_c.t.t.G.t.t.a.t.c.c.g.C.T.C.A.C.A<A.T.T.C.C.A>C.A.C.T.A.A.T.T.a.c.g.a.g.C.c.g.G.a.A.G.C.A.T.a.A.a.G.T.G.t.A.a.A.g.c.c.t.t.t.t.t.T.g.c.c.t.a.a.a.a.T.G.T.G.a.T.C.T.A.G.A.T.C.A.C.a.t.t.T.A.T.T.g.C.G_98
0,144,3iyd,C,I,74_G.C.A.C.C.T.T.A_81,1_C.G.c.A.A.T.A.a.a.t.G.T.G.A.T.C.T.A.G.a.T.C.A.C.A.t.t.t.t.a.g.g.c.A.a.a.a.a.a.g.g.c.T.t.T.a.C.A.c.T.t.T.A.T.G.c.T.T.c.C.g.G.c.t.c.g.t.A.T.A.A.T.C<G.C.A.C.C.T.T.A>T.G.T.G.A.g.C.g.g.a.t.a.a.C.a.a.g_98
0,153,6gh5,D,F,2_G.G.G.C.T.G.A_8,-16_c.a.A.c.a.g.c.a.t.g.c.g.c.g.C.C.C.A<G.G.G.C.T.G.A>T.C.G.t.g.c.a.a.a.a.g.t.c.g.t.g.c.c.a.g.c_29
0,153,6xl5,D,T,20_G.A.A.T_23,1_c.g.c.c.g.c.g.t.c.a.g.a.C.T.C.G.T.A.G<G.A.A.T>C.T.a.a.a.c.c.c.t.c.c.c.c.t.T.a.g.g.g.g.a.g.g.g.t.c.a.a.g.g.c_54
0,153,6pb5,D,2,12_A.C.T.C_15,1_C.g.c.c.g.c.g.t.c.a.g<A.C.T.C>G.T.A.G.G.A.T.T.A.T.A.g.c.a.t.a.a.a.a.a.a.g.a.T.G.C.G.A.A.A.a.a.t.g.t.g.a.t.c.t.a.g.a.t.c.A.c.a.t.t.t.T.a.g.g.c.a.a.a.a.a.a.g_78
0,153,6pb6,D,2,12_A.C.T.C.G_16,1_c.g.c.c.g.c.g.t.c.a.g<A.C.T.C.G>T.A.G.G.A.T.T.A.T.A.G.c.a.t.a.a.a.a.a.a.g.a.t.g.c.G.A.A.a.a.A.t.g.t.g.a.t.c.t.a.g.a.t.c.a.c.a.t.t.t.t.a.g.g.c.a.a.a.a.a.a.g_78
0,153,3iyd,D,J,16_C.A.A.T.T.C.C_22,1_c.t.t.G.t.t.a.t.c.c.g.C.T.C.A<C.A.A.T.T.C.C>A.C.A.C.T.A.A.T.T.a.c.g.a.g.C.c.g.G.a.A.G.C.A.T.a.A.a.G.T.G.t.A.a.A.g.c.c.t.t.t.t.t.T.g.c.c.t.a.a.a.a.T.G.T.G.a.T.C.T.A.G.A.T.C.A.C.a.t.t.T.A.T.T.g.C.G_98
0,207,2agp,A,D,1902_T.T.T.T_1905,1902_<T.T.T.T>g.a.a.t.c.c.t.t.c.c.c.c.c_1918
0,207,1rys,B,F,1901_T.C.T.T_1904,1901_<T.C.T.T>t.g.a.a.t.c.c.t.t.c.c.c.c.C_1918
0,207,4tqr,A,T,1_T.C.A.C.2lf_5,1_<T.C.A.C.2lf>g.a.a.t.c.c.t.t.c.c.c.c.c.Ttp_101
0,207,2asd,B,J,1901_C.T.A.A.C_1905,1901_<C.T.A.A.C>8og.c.t.a.c.c.a.t.c.c.a.a.c.c_1919
0,362,5voi,C,H,7_G.G.G.A.G.C_12,1_T.A.T.A.A.T<G.G.G.A.G.C>c.t.c.t.g.a.t.g.c.a_25
0,362,5voi,C,G,15_C.A.A.A_18,3_t.g.c.a.t.c.a.g.a.g.C.C<C.A.A.A>A.T_20
0,362,6cuu,C,H,7_G.G.G.A.G.C_12,1_T.A.T.A.A.T<G.G.G.A.G.C>c.t.c.t.g.a.t.g.c.a_25
0,362,6cuu,C,G,13_C.C.C.A_16,3_t.g.c.a.t.c.a.g.a.g<C.C.C.A>A.A.A_19
0,362,4g7h,C,H,7_G.G.G.A.G.C.T.G_14,1_T.A.T.A.A.T<G.G.G.A.G.C.T.G>t.c.a.c.g.g.a.t.g.c_24
0,362,4g7h,C,G,14_G.T.C.G.A.G_19,4_g.c.a.t.c.c.g.t.g.a<G.T.C.G.A.G>_19
0,362,4g7h,M,R,7_G.G.G.A.G.C.T.G_14,1_T.A.T.A.A.T<G.G.G.A.G.C.T.G>t.c.a.c.g.g.a.t.g.c_24
0,362,4oiq,C,H,7_G.G.G.A.G.C.T.G_14,1_T.A.T.A.A.T<G.G.G.A.G.C.T.G>t.c.a.c.g.g.a.t.g.c_24
0,362,4oiq,C,G,15_T.C.G.A_18,4_g.c.a.t.c.c.g.t.g.a.G<T.C.G.A>G_19
0,362,4q4z,C,H,7_G.G.G.A.G.C.T.G_14,1_T.A.T.A.A.T<G.G.G.A.G.C.T.G>t.c.a.c.g.g.a.t.g.c.a_25
0,362,4oip,C,H,7_G.G.G.A.G.C.T.G_14,1_T.A.T.A.A.T<G.G.G.A.G.C.T.G>t.c.a.c.g.g.a.t.g.c_24
0,362,4oip,C,G,14_G.T.C.G.A_18,4_g.c.a.t.c.c.g.t.g.a<G.T.C.G.A>G_19
0,362,4oio,C,H,7_G.G.G.A.G.C.T.G.T_15,1_T.A.T.A.A.T<G.G.G.A.G.C.T.G.T>c.a.c.g.g.a.t.g.c_24
0,362,4oir,C,H,9_G.A.G.C.T.G_14,1_T.A.T.A.A.T.G.G<G.A.G.C.T.G>t.c.a.c.g.g.a.t.g.c_24
0,362,4g7z,C,H,7_G.G.G.A.G.C.T.G_14,1_T.A.T.A.A.T<G.G.G.A.G.C.T.G>t.c.a.c.g.g.a.t.g.c_24
0,362,4g7z,C,G,14_G.Bru.C.G.A_18,4_g.c.a.t.c.c.g.t.g.a<G.Bru.C.G.A>G_19
0,362,4g7z,M,Q,14_G.Bru.C.G.A.G_19,4_g.c.a.t.c.c.g.t.g.a<G.Bru.C.G.A.G>_19
0,362,4g7z,M,R,7_G.G.G.A.G.C.T.G_14,1_T.A.T.A.A.T<G.G.G.A.G.C.T.G>t.c.a.c.g.g.a.t.g.c_24
0,376,5voi,D,G,13_C.C.C.A.A_17,3_t.g.c.a.t.c.a.g.a.g<C.C.C.A.A>A.A.T_20
0,376,6cuu,D,G,13_C.C.C.A_16,3_t.g.c.a.t.c.a.g.a.g<C.C.C.A>A.A.A_19
0,376,4g7h,D,G,14_G.T.C.G_17,4_g.c.a.t.c.c.g.t.g.a<G.T.C.G>A.G_19
0,376,4oiq,D,G,14_G.T.C.G_17,4_g.c.a.t.c.c.g.t.g.a<G.T.C.G>A.G_19
0,376,4oip,D,G,14_G.T.C.G_17,4_g.c.a.t.c.c.g.t.g.a<G.T.C.G>A.G_19
0,376,4oin,D,G,14_G.T.C.G_17,4_g.c.a.t.c.c.g.t.g.a<G.T.C.G>A.G_19
0,376,4g7z,N,Q,14_G.Bru.C.G_17,4_g.c.a.t.c.c.g.t.g.a<G.Bru.C.G>A.G_19
0,376,4g7z,D,G,14_G.Bru.C.G_17,4_g.c.a.t.c.c.g.t.g.a<G.Bru.C.G>A.G_19
0,405,6k4y,F,N,38_A.A.T.G.G.G.A_44,3_g.a.a.a.a.g.a.a.g.c.t.t.t.g.c.t.t.a.a.t.a.a.t.c.c.a.t.a.t.g.g.t.t.A.T<A.A.T.G.G.G.A>G.C.T.G.t.c.a.c.g.g.a.t.g.c.a.g.g_61
0,405,6psv,L,O,52_A.T.T.C.C_56,16_c.a.c.a.a.a.t.c.c.a.t.t.g.a.c.a.a.a.a.g.a.a.g.g.c.t.a.a.a.a.g.g.g.c.A.T<A.T.T.C.C>T.t.t.t.g.a.a.t.t.g.t.c.c.a_75
0,405,7khb,F,Y,23_T.G.G.C.G.C_28,1_c.t.c.g.t.a.g.a.g.t.c.c.g.t.g.t.c.a.G.T.G.G<T.G.G.C.G.C>A.T.T.A.T.a.g.g.g.a.g.t.t.a.t.t.c.c.g.g.c.c.t.g.a.c.a.a.g.a.g.g.a.a.a.t_64
0,405,7khb,F,X,50_A.A.T.G.C.G_55,17_a.t.t.t.c.c.t.c.t.t.g.t.c.a.g.g.c.c.g.g.a.a.t.a.a.c.t.c.c.c.t.A.T<A.A.T.G.C.G>C.C.A.t.g.a.c.a.c.g.g.a.c.t.c.t.a.c.g.a.g_80
0,405,6xl5,F,T,18_A.G.G.A_21,1_c.g.c.c.g.c.g.t.c.a.g.a.C.T.C.G.T<A.G.G.A>A.T.C.T.a.a.a.c.c.c.t.c.c.c.c.t.T.a.g.g.g.g.a.g.g.g.t.c.a.a.g.g.c_54
0,405,6xl5,F,N,66_A.T.T.G.T.G_71,35_g.c.c.t.t.g.a.c.c.c.t.c.c.c.c.t.A.a.g.g.g.g.a.g.g.g.t.t.t.A.G<A.T.T.G.T.G>T.G.C.A.G.t.c.t.g.a.c.g.c.g.g.c.g_88
0,405,6psu,L,O,52_A.T.T.C.C.T_57,16_c.a.c.a.a.a.T.c.c.a.t.t.g.a.c.a.a.a.a.g.a.a.g.g.c.t.a.a.a.a.g.g.g.c.A.T<A.T.T.C.C.T>_57
0,405,6ca0,F,G,39_A.A.T.G.T.G_44,3_c.c.g.c.a.g.a.t.t.t.t.t.g.c.g.a.a.a.t.c.t.t.t.g.c.a.g.c.c.a.g.a.a.t.A.T<A.A.T.G.T.G>T.G.C_47
0,405,7khi,F,X,50_A.A.T.G.C.G_55,20_t.c.c.t.c.t.t.g.t.c.a.g.g.c.c.g.g.a.a.t.a.a.c.t.c.c.c.t.A.T<A.A.T.G.C.G>_55
0,405,7khe,F,X,50_A.A.T.G.C.G_55,20_t.c.c.t.c.t.t.g.t.c.a.g.g.c.c.g.g.a.a.t.a.a.c.t.c.c.c.t.A.T<A.A.T.G.C.G>t.g.a.c.a.c.g.g.a.c.t.c.t.a.c.g.a.g_80
0,405,6pst,L,P,32_A.A.T.G.C_36,20_c.a.a.a.g.g.c.c.g.a.g.g<A.A.T.G.C>g.c.c.c.t.t.t.t.a.g.c.c.t.t.c.t.t.t.t.g.t.c.a.a.t.g.g.a.t.t.t.g.t.g_70
0,405,6xh7,F,2,18_A.G.G.A_21,1_C.g.c.c.g.c.g.t.c.a.g<A.G.G.A>G.G.T.T.A.a.a.c.c.t.t.c.c.a.g.c.a.a.g.g.g.g.a.a.g.g.t.c.a.a.g.g.c_54
0,405,6xh7,F,1,68_T.G.T.G.T_72,35_g.c.c.t.t.g.a.c.c.t.t.c.c.c.c.t.t.g.c.t.g.g.a.a.g.g.t.t.T.A.A.C.C<T.G.T.G.T>G.C.A.G.T.c.t.g.a.c.g.c.g.g.c.G_88
0,405,6pb6,F,2,15_C.G.T.A.G.G.A.T.T.A.T.A.G_27,1_c.g.c.c.g.c.g.t.c.a.g.A.C.T<C.G.T.A.G.G.A.T.T.A.T.A.G>c.a.t.a.a.a.a.a.a.g.a.t.g.c.G.A.A.a.a.A.t.g.t.g.a.t.c.t.a.g.a.t.c.a.c.a.t.t.t.t.a.g.g.c.a.a.a.a.a.a.g_78
0,405,6pb6,F,1,64_C.T.A.T.A.A.T_70,13_c.t.t.t.t.t.t.g.c.c.t.a.a.a.a.t.g.t.g.a.t.c.t.a.g.a.t.c.a.c.a.T.t.t.T.T.C.g.c.a.t.c.t.t.t.t.t.t.a.t.g<C.T.A.T.A.A.T>G.T.G.T.G.C.A.G.T.c.t.g.a.c.g.c.g.g.c.g_90
0,405,6pb5,F,2,18_A.G.G.A.T.T.A.T.A_26,1_C.g.c.c.g.c.g.t.c.a.g.A.C.T.C.G.T<A.G.G.A.T.T.A.T.A>g.c.a.t.a.a.a.a.a.a.g.a.T.G.C.G.A.A.A.a.a.t.g.t.g.a.t.c.t.a.g.a.t.c.A.c.a.t.t.t.T.a.g.g.c.a.a.a.a.a.a.g_78
0,405,6pb5,F,1,65_T.A.T.A.A.T_70,13_c.t.t.t.t.t.t.g.c.c.t.A.a.a.a.t.g.T.g.a.t.c.t.a.g.a.t.c.a.c.a.T.t.t.T.T.C.G.C.A.t.c.t.t.t.t.t.t.a.t.g.c<T.A.T.A.A.T>G.T.G.T.G.C.A.G.T.c.t.g.a.c.g.c.g.g.c.G_90
0,469,6q4u,A,C,201_A.A.C.T_204,201_<A.A.C.T>g.t.g.g.c.c.g.t.g.g.t.c_216
0,469,5nkl,A,C,201_A.A.A.91n_204,201_<A.A.A.91n>g.g.c.g.c.c.g.t.g.g.t.c_216
0,469,3syz,A,C,201_A.A.A.Bmn_204,201_<A.A.A.Bmn>g.g.c.g.c.c.g.t.g.g.t.c_216
0,591,4g7z,F,H,4_A.A.T.G.G.G_9,1_T.A.T<A.A.T.G.G.G>A.G.C.T.G.t.c.a.c.g.g.a.t.g.c_24
0,591,4oir,F,H,4_A.A.T.G.G.G_9,1_T.A.T<A.A.T.G.G.G>A.G.C.T.G.t.c.a.c.g.g.a.t.g.c_24
0,591,4q4z,F,H,4_A.A.T.G.G.G_9,1_T.A.T<A.A.T.G.G.G>A.G.C.T.G.t.c.a.c.g.g.a.t.g.c.a_25
0,591,4oio,F,H,4_A.A.T.G.G.G_9,1_T.A.T<A.A.T.G.G.G>A.G.C.T.G.T.c.a.c.g.g.a.t.g.c_24
0,591,4oio,F,G,16_C.G.A.G_19,4_g.c.a.t.c.c.g.t.g.A.g.t<C.G.A.G>_19
0,591,4g7h,P,R,4_A.A.T.G.G.G_9,1_T.A.T<A.A.T.G.G.G>A.G.C.T.G.t.c.a.c.g.g.a.t.g.c_24
0,591,4g7z,P,R,4_A.A.T.G.G.G_9,1_T.A.T<A.A.T.G.G.G>A.G.C.T.G.t.c.a.c.g.g.a.t.g.c_24
0,591,4oiq,F,H,4_A.A.T.G.G.G_9,1_T.A.T<A.A.T.G.G.G>A.G.C.T.G.t.c.a.c.g.g.a.t.g.c_24
0,591,4g7h,F,H,4_A.A.T.G.G.G_9,1_T.A.T<A.A.T.G.G.G>A.G.C.T.G.t.c.a.c.g.g.a.t.g.c_24
0,591,5voi,F,H,4_A.A.T.G.G.G_9,1_T.A.T<A.A.T.G.G.G>A.G.C.c.t.c.t.g.a.t.g.c.a_25
0,591,4oip,F,H,4_A.A.T.G.G.G_9,1_T.A.T<A.A.T.G.G.G>A.G.C.T.G.t.c.a.c.g.g.a.t.g.c_24
0,591,4oin,F,H,4_A.A.T.G.G.G_9,1_T.A.T<A.A.T.G.G.G>A.G.C.T.G.t.c.a.c.g.g.a.t.g.c_24
0,591,4oio,F,H,4_A.A.T.G.G.G_9,1_T.A.T<A.A.T.G.G.G>A.G.C.T.G.T.c.a.c.g.g.a.t.g.c_24
0,591,4oio,F,G,16_C.G.A.G_19,4_g.c.a.t.c.c.g.t.g.A.g.t<C.G.A.G>_19
0,856,5uha,D,G,14_G.T.C.G_17,5_c.a.t.c.c.g.t.g.a<G.T.C.G>A.G_19
0,856,5uhd,D,G,14_G.T.C.G_17,5_c.a.t.c.c.g.t.g.a<G.T.C.G>A_18
0,856,5uhe,D,G,14_G.T.C.G_17,5_c.a.t.c.c.g.t.g.a<G.T.C.G>_17
0,968,6dvd,C,H,6_T.C.A.G.T.A.G.C.T.G_15,2_C.G.T.G<T.C.A.G.T.A.G.C.T.G>t.c.a.c.g.g.a.t.g.c_25
0,968,5uha,C,H,9_G.A.G.C.T.G_14,1_T.A.T.A.A.T.G.G<G.A.G.C.T.G>t.c.a.c.g.g.a.t.g_23
0,968,5uha,C,G,14_G.T.C.G.A.G_19,5_c.a.t.c.c.g.t.g.a<G.T.C.G.A.G>_19
0,968,6dve,C,H,6_T.C.A.G.T.A.A.C.T.G_15,2_C.G.T.G<T.C.A.G.T.A.A.C.T.G>t.c.a.c.g.g.a.t.g.c_25
0,968,5uhd,C,H,9_G.A.G.C.T.G_14,1_T.A.T.A.A.T.G.G<G.A.G.C.T.G>t.c.a.c.g.g.a.t.g_23
0,968,5uhd,C,G,14_G.T.C.G.A_18,5_c.a.t.c.c.g.t.g.a<G.T.C.G.A>_18
0,968,5uhg,C,H,9_G.A.G.C.T.G_14,1_T.A.T.A.A.T.G.G<G.A.G.C.T.G>t.c.a.c.g.g.a.t.g_23
0,968,5uhf,C,H,9_G.A.G.C.T.G_14,1_T.A.T.A.A.T.G.G<G.A.G.C.T.G>t.c.a.c.g.g.a.t.g_23
0,968,5uhe,C,H,9_G.A.G.C.T.G_14,1_T.A.T.A.A.T.G.G<G.A.G.C.T.G>t.c.a.c.g.g.a.t.g_23
0,968,5uhe,C,G,14_G.T.C.G_17,5_c.a.t.c.c.g.t.g.a<G.T.C.G>_17
0,968,5uhb,C,H,9_G.A.G.C.T.G_14,1_T.A.T.A.A.T.G.G<G.A.G.C.T.G>t.c.a.c.g.g.a.t.g_23
0,968,5uhe,C,H,9_G.A.G.C.T.G_14,1_T.A.T.A.A.T.G.G<G.A.G.C.T.G>t.c.a.c.g.g.a.t.g_23
0,968,5uhe,C,G,14_G.T.C.G_17,5_c.a.t.c.c.g.t.g.a<G.T.C.G>_17
0,968,5uha,C,H,9_G.A.G.C.T.G_14,1_T.A.T.A.A.T.G.G<G.A.G.C.T.G>t.c.a.c.g.g.a.t.g_23
0,968,5uha,C,G,14_G.T.C.G.A.G_19,5_c.a.t.c.c.g.t.g.a<G.T.C.G.A.G>_19
0,968,5uhd,C,H,9_G.A.G.C.T.G_14,1_T.A.T.A.A.T.G.G<G.A.G.C.T.G>t.c.a.c.g.g.a.t.g_23
0,968,5uhd,C,G,14_G.T.C.G.A_18,5_c.a.t.c.c.g.t.g.a<G.T.C.G.A>_18
0,972,3iyd,H,J,83_G.A.T.C_86,1_c.t.t.G.t.t.a.t.c.c.g.C.T.C.A.C.A.A.T.T.C.C.A.C.A.C.T.A.A.T.T.a.c.g.a.g.C.c.g.G.a.A.G.C.A.T.a.A.a.G.T.G.t.A.a.A.g.c.c.t.t.t.t.t.T.g.c.c.t.a.a.a.a.T.G.T.G.a.T.C.T.A<G.A.T.C>A.C.a.t.t.T.A.T.T.g.C.G_98
0,1142,3rmd,D,K,1_C.G.T.Ctg.G_5,1_<C.G.T.Ctg.G>a.a.t.g.a.c.a.g.c.c.g.c.G_18
0,1142,2p5g,B,H,111_T.A.A.G.A_115,101_g.c.g.g.c.t.g.t.c.A<T.A.A.G.A>_115
0,1142,7f4y,B,S,1_T.C.A.A_4,1_<T.C.A.A>g.t.a.a.g.c.a.g.t.c.c.g.c.t.c_19
0,1247,1kdh,A,D,1_Bru.Bru.Bru.Bru_4,1_<Bru.Bru.Bru.Bru>_4
0,1302,5uhd,F,H,4_A.A.T.G.G.G_9,1_T.A.T<A.A.T.G.G.G>A.G.C.T.G.t.c.a.c.g.g.a.t.g_23
0,1302,5uhe,F,H,4_A.A.T.G.G.G_9,1_T.A.T<A.A.T.G.G.G>A.G.C.T.G.t.c.a.c.g.g.a.t.g_23
0,1302,5uhb,F,H,4_A.A.T.G.G.G_9,1_T.A.T<A.A.T.G.G.G>A.G.C.T.G.t.c.a.c.g.g.a.t.g_23
0,1302,5uhf,F,H,4_A.A.T.G.G.G_9,1_T.A.T<A.A.T.G.G.G>A.G.C.T.G.t.c.a.c.g.g.a.t.g_23
0,1302,6eec,F,O,50_A.G.A.C.T.G.G.C_57,14_c.g.a.a.c.c.t.g.g.t.c.t.t.g.a.c.t.c.c.a.t.t.g.c.c.g.g.a.t.t.t.g.t.a.t.t<A.G.A.C.T.G.G.C>A.g.g.g.t.t.g.c.c.c.c.g.a.a.g.c.g.g.g.c.g_78
0,1302,5uhg,F,H,4_A.A.T.G.G.G_9,1_T.A.T<A.A.T.G.G.G>A.G.C.T.G.t.c.a.c.g.g.a.t.g_23
0,1302,6edt,F,P,97_T.G.C.C_100,77_c.g.c.c.c.g.c.t.t.c.g.g.g.g.c.a.A.C.C.C<T.G.C.C>A.G.T.C.T.a.a.t.a.c.a.a.a.t.c.c.g.g.c.a.a.t.g.g.a.g.t.c.a.a.g.a.c.c.a.g.g.t.t.c.g_141
0,1302,6edt,F,O,50_A.G.A.C.T.G.G_56,14_c.g.a.a.c.c.t.g.g.t.c.t.t.g.a.c.t.c.c.a.t.t.g.c.c.g.g.a.t.t.t.g.t.a.t.t<A.G.A.C.T.G.G>C.A.G.G.G.T.t.g.c.c.c.c.g.a.a.g.c.g.g.g.c.g_78
0,1302,6ee8,F,O,50_A.G.A.C.T.G.G.C_57,14_c.g.a.a.c.c.t.g.g.t.c.t.t.g.a.c.t.c.c.a.t.t.g.c.c.g.g.a.t.t.t.g.t.a.t.t<A.G.A.C.T.G.G.C>A.g.g.g.t.t.g.c.c.c.c.g.a.a.g.c.g.g.g.c.g_78
0,1302,5uha,F,H,4_A.A.T.G.G.G_9,1_T.A.T<A.A.T.G.G.G>A.G.C.T.G.t.c.a.c.g.g.a.t.g_23
0,1302,6edt,F,P,97_T.G.C.C_100,77_c.g.c.c.c.g.c.t.t.c.g.g.g.g.c.a.A.C.C.C<T.G.C.C>A.G.T.C.T.a.a.t.a.c.a.a.a.t.c.c.g.g.c.a.a.t.g.g.a.g.t.c.a.a.g.a.c.c.a.g.g.t.t.c.g_141
0,1302,6edt,F,O,50_A.G.A.C.T.G.G_56,14_c.g.a.a.c.c.t.g.g.t.c.t.t.g.a.c.t.c.c.a.t.t.g.c.c.g.g.a.t.t.t.g.t.a.t.t<A.G.A.C.T.G.G>C.A.G.G.G.T.t.g.c.c.c.c.g.a.a.g.c.g.g.g.c.g_78
0,1417,6sko,3,I,10_T.T.T.T_13,1_T.T.T.T.T.T.T.T.T<T.T.T.T>T.T.T_16
0,1417,5u8t,3,F,5_T.T.T.T.T_9,1_T.T.T.T<T.T.T.T.T>T.T.T.T.T_14
0,1417,5u8s,3,F,18_T.T.T.T_21,1_a.t.c.g.a.t.c.g.a.t.c.g.a.t.T.T.T<T.T.T.T>T.T.T.T.T_26
0,1418,6sko,7,I,7_T.T.T.T.T_11,1_T.T.T.T.T.T<T.T.T.T.T>T.T.T.T.T_16
0,1503,6sko,2,I,2_T.T.T.T_5,1_T<T.T.T.T>T.T.T.T.T.T.T.T.T.T.T_16
0,1503,5u8t,2,F,10_T.T.T.T_13,1_T.T.T.T.T.T.T.T.T<T.T.T.T>T_14
0,1504,6sko,5,I,11_T.T.T.T_14,1_T.T.T.T.T.T.T.T.T.T<T.T.T.T>T.T_16
0,1504,5u8t,5,F,5_T.T.T.T.T.T.T_11,1_T.T.T.T<T.T.T.T.T.T.T>T.T.T_14
0,1504,5u8s,5,F,18_T.T.T.T_21,1_a.t.c.g.a.t.c.g.a.t.c.g.a.t.T.T.T<T.T.T.T>T.T.T.T.T_26
0,1505,6sko,6,I,3_T.T.T.T.T_7,1_T.T<T.T.T.T.T>T.T.T.T.T.T.T.T.T_16
0,1602,6sko,4,I,6_T.T.T.T_9,1_T.T.T.T.T<T.T.T.T>T.T.T.T.T.T.T_16
0,1738,5iyc,A,Y,59_G.A.A.C_62,14_g.t.a.g.g.c.a.c.g.t.c.t.g.c.t.c.g.g.c.t.c.g.a.g.t.g.t.t.c.g.a.T.C.G.C.G.A.C.T.G.A.G.G.A.C<G.A.A.C>G.C.g.c.c.c.c.c.a.c.c.c.c.c.T.t.t.t.a.t.a.g.g.c.g.c.c.c.t.t.c_93
0,1738,5iyb,A,Y,51_C.T.G.A_54,19_c.a.c.g.t.c.t.g.c.t.c.g.g.c.t.c.g.a.g.t.g.t.t.c.g.a.t.c.g.C.G.A<C.T.G.A>G.G.A.C.G.A.A.C.G.c.g.c.c.c.c.c.a.c.c.c.c.c.t.t.t.T.a.t.a.g.g.c.g.c.c.c.t.t.c_93
0,1966,4a8f,B,G,4_A.G.C.G_7,4_<A.G.C.G>_7
0,2069,6cnd,A,Y,20_T.G.T.G_23,1_c.c.A.t.g.g.a.g.t.c.a.t.T.t.t.a.t.c.t<T.G.T.G>T.C.A.C.T.T.A.C.a.g.a.a.a.a.a.g.t.a.t.t.a.c.t.a.a.T.a.t.a.t.g.t.t.g.a.a.a.A_63
0,2069,6cnf,A,Y,19_C.C.A.T_22,1_A.c.g.c.c.t.t.a.a.c.c.a.a.c.T.t.g.g<C.C.A.T>G.G.A.G.T.A.C.a.g.a.a.a.a.a.g.t.a.T.t.A.c.t.a.a.T.a.t.a.t.g.t.t.g.a.a_79
0,2069,6cnb,A,Y,21_T.A.T.C_24,1_a.c.t.T.g.g.c.c.a.t.g.g.a.g.t.c.A.t.t.t<T.A.T.C>T.T.G.T.G.A.c.a.g.a.a.a.a.a.g.t.a.t.t.a.c.t.a.a.t.a.t.a.t.g.t.t.g.a.a.a.a_69
0,2069,6cnc,A,Y,20_T.G.T.G.T_24,1_c.C.a.T.g.g.a.g.t.c.a.t.T.t.t.a.t.c.t<T.G.T.G.T>C.A.C.T.T.A.c.a.g.a.a.a.a.a.g.t.a.t.t.A.c.t.a.A.t.a.t.a.t.g.t.t.g.a.a.a.a_63
0,2070,6cnf,B,Y,19_C.C.A.T_22,1_A.c.g.c.c.t.t.a.a.c.c.a.a.c.T.t.g.g<C.C.A.T>G.G.A.G.T.A.C.a.g.a.a.a.a.a.g.t.a.T.t.A.c.t.a.a.T.a.t.a.t.g.t.t.g.a.a_79
0,2070,6cnc,B,Y,21_G.T.G.T_24,1_c.C.a.T.g.g.a.g.t.c.a.t.T.t.t.a.t.c.t.T<G.T.G.T>C.A.C.T.T.A.c.a.g.a.a.a.a.a.g.t.a.t.t.A.c.t.a.A.t.a.t.a.t.g.t.t.g.a.a.a.a_63
0,2255,3k70,F,Y,5_5iu.A.5iu.C.5iu.A_10,1_5iu.5iu.5iu.5iu<5iu.A.5iu.C.5iu.A>a.t.g.c.g.a.g.c.a.c.t.g.c.t.a.t.a.g.c.a.g.t.g.c.t.c.g.c.a.t.5iu.A.G.A.5iu.A_51
0,2255,3k70,C,X,6_A.5iu.C.5iu.A_10,1_5iu.5iu.5iu.5iu.5iu<A.5iu.C.5iu.A>a.t.g.c.g.a.g.c.a.c.t.g.c.t.a.t.a.g.c.a.g.t.g.c.t.c.g.c.a.t.5iu.A.G.A.5iu.A_51
0,2255,1w36,C,Y,1_T.C.T.A_4,1_<T.C.T.A>a.t.g.c.g.a.g.c.a.c.t.g.c.t.a.t.a.g.c.a.g.t.g.c.t.c.g.c.a.t.T.A.G.A_43
0,2255,1w36,F,Z,1_T.C.T.A_4,1_<T.C.T.A>a.t.g.c.g.a.g.c.a.c.t.g.c.t.a.t.a.g.c.a.g.t.g.c.t.c.g.c.a.t.T.A.G.A_43
0,2268,3k70,G,Y,2_5iu.5iu.5iu.5iu.A_6,1_5iu<5iu.5iu.5iu.5iu.A>5iu.C.5iu.A.a.t.g.c.g.a.g.c.a.c.t.g.c.t.a.t.a.g.c.a.g.t.g.c.t.c.g.c.a.t.5iu.A.G.A.5iu.A_51
0,2390,3zh2,B,E,15_C.A.T.A_18,1_c.t.g.g.g.C.G.G.T.A.G.A.a.c<C.A.T.A>g.t.G.A.c.c.c.a.g_27
0,2440,7jy6,B,U,33_T.T.T.T.T.T.T.T.T_41,1_T.T.T.T.T.T.T.T.T.T.T.T.T.T.T.T.T.T.T.T.T.T.T.T.T.T.T.T.T.T.T.T<T.T.T.T.T.T.T.T.T>T.T.T.T_45
0,2440,7jy6,B,S,20_T.T.T.T.T.T_25,1_T.T.T.T.T.T.T.T.T.T.T.T.T.T.T.T.T.T.T<T.T.T.T.T.T>T.T_27
0,2440,7jy6,A,U,38_T.T.T.T.T.T.T.T_45,1_T.T.T.T.T.T.T.T.T.T.T.T.T.T.T.T.T.T.T.T.T.T.T.T.T.T.T.T.T.T.T.T.T.T.T.T.T<T.T.T.T.T.T.T.T>_45
0,2440,7jy6,A,S,23_T.T.T.T.T_27,1_T.T.T.T.T.T.T.T.T.T.T.T.T.T.T.T.T.T.T.T.T.T<T.T.T.T.T>_27
0,2440,7jy6,G,U,8_T.T.T.T.T.T.T.T.T_16,1_T.T.T.T.T.T.T<T.T.T.T.T.T.T.T.T>T.T.T.T.T.T.T.T.T.T.T.T.T.T.T.T.T.T.T.T.T.T.T.T.T.T.T.T.T_45
0,2440,7jy6,G,S,5_T.T.T.T.T.T_10,1_T.T.T.T<T.T.T.T.T.T>T.T.T.T.T.T.T.T.T.T.T.T.T.T.T.T.T_27
0,2440,7jy6,C,U,28_T.T.T.T.T.T.T.T.T_36,1_T.T.T.T.T.T.T.T.T.T.T.T.T.T.T.T.T.T.T.T.T.T.T.T.T.T.T<T.T.T.T.T.T.T.T.T>T.T.T.T.T.T.T.T.T_45
0,2440,7jy6,C,S,17_T.T.T.T.T.T.T_23,1_T.T.T.T.T.T.T.T.T.T.T.T.T.T.T.T<T.T.T.T.T.T.T>T.T.T.T_27
0,2440,7jy6,E,U,18_T.T.T.T.T.T.T.T.T_26,1_T.T.T.T.T.T.T.T.T.T.T.T.T.T.T.T.T<T.T.T.T.T.T.T.T.T>T.T.T.T.T.T.T.T.T.T.T.T.T.T.T.T.T.T.T_45
0,2440,7jy6,E,S,11_T.T.T.T.T.T_16,1_T.T.T.T.T.T.T.T.T.T<T.T.T.T.T.T>T.T.T.T.T.T.T.T.T.T.T_27
0,2440,7jy6,H,U,7_T.T.T.T.T_11,1_T.T.T.T.T.T<T.T.T.T.T>T.T.T.T.T.T.T.T.T.T.T.T.T.T.T.T.T.T.T.T.T.T.T.T.T.T.T.T.T.T.T.T.T.T_45
0,2440,7jy6,H,S,2_T.T.T.T.T.T_7,1_T<T.T.T.T.T.T>T.T.T.T.T.T.T.T.T.T.T.T.T.T.T.T.T.T.T.T_27
0,2440,7jy6,F,U,13_T.T.T.T.T.T.T.T.T_21,1_T.T.T.T.T.T.T.T.T.T.T.T<T.T.T.T.T.T.T.T.T>T.T.T.T.T.T.T.T.T.T.T.T.T.T.T.T.T.T.T.T.T.T.T.T_45
0,2440,7jy6,F,S,8_T.T.T.T.T.T_13,1_T.T.T.T.T.T.T<T.T.T.T.T.T>T.T.T.T.T.T.T.T.T.T.T.T.T.T_27
0,2440,7jy6,I,S,1_T.T.T.T_4,1_<T.T.T.T>T.T.T.T.T.T.T.T.T.T.T.T.T.T.T.T.T.T.T.T.T.T.T_27
0,2440,7jy7,E,U,20_T.T.T.T.T.T.T.T.T_28,1_c.g.g.t.g.t.c.g.a.g.t.c.a.g.c.c.t.A.T<T.T.T.T.T.T.T.T.T>T.T.A.t.t.c.a.a.t.t.a.a.g.c.a.a.g.t.a.c_48
0,2440,7jy7,D,U,25_T.T.T.T.T.T.A_31,1_c.g.g.t.g.t.c.g.a.g.t.c.a.g.c.c.t.A.T.T.T.T.T.T<T.T.T.T.T.T.A>t.t.c.a.a.t.t.a.a.g.c.a.a.g.t.a.c_48
0,2440,7jy7,F,U,18_A.T.T.T.T.T_23,1_c.g.g.t.g.t.c.g.a.g.t.c.a.g.c.c.t<A.T.T.T.T.T>T.T.T.T.T.T.T.A.t.t.c.a.a.t.t.a.a.g.c.a.a.g.t.a.c_48
0,2440,7jy7,F,S,8_T.T.T.T.T_12,1_T.T.T.T.T.T.T<T.T.T.T.T>c.g.t.c.g.c.c.c.a.c.g.c.T.T.T_27
0,2440,7jy7,H,S,2_T.T.T.T.T.T_7,1_T<T.T.T.T.T.T>T.T.T.T.T.c.g.t.c.g.c.c.c.a.c.g.c.T.T.T_27
0,2440,7jy7,I,S,1_T.T.T.T_4,1_<T.T.T.T>T.T.T.T.T.T.T.T.c.g.t.c.g.c.c.c.a.c.g.c.T.T.T_27
0,2440,7jy9,E,U,19_C.C.C.C_22,2_g.g.t.g.t.c.g.a.g.t.c.a.g.c.c.t.a<C.C.C.C>C.C.C.C.C.A.t.t.c.a.a.t.t.a.a.g.c.a.a.g.t_43
0,2440,7jy9,E,S,11_C.C.C.C.A_15,1_C.C.C.C.C.C.C.C.C.C<C.C.C.C.A>A.a.a.a.a.a.a.a.a.a.C.C_27
0,2440,7jy9,G,S,5_C.C.C.C.C.C.C_11,1_C.C.C.C<C.C.C.C.C.C.C>C.C.C.A.A.a.a.a.a.a.a.a.a.a.C.C_27
0,2440,7jy9,I,S,1_C.C.C.C_4,1_<C.C.C.C>C.C.C.C.C.C.C.C.C.C.A.A.a.a.a.a.a.a.a.a.a.C.C_27
0,2440,7jy8,G,S,5_T.T.T.T.T.T_10,1_T.T.T.T<T.T.T.T.T.T>T.T.T.T.t.t.t.t.t.t.t.t.t.t.T.T.T_27
0,2462,6cuu,F,H,4_A.A.T.G.G.G_9,1_T.A.T<A.A.T.G.G.G>A.G.C.c.t.c.t.g.a.t.g.c.a_25
0,3323,5dqt,I,P,29_T.T.T.T.T_33,1_T.T.T.T.T.T.g.c.a.t.c.g.a.c.t.c.a.a.c.t.c.a.g.c.t.a.c.g<T.T.T.T.T>_33
0,3323,5dlj,A,H,30_T.T.T.T.T.T.T.T.T_38,1_T.T.T.T.T.T.c.g.t.a.g.c.t.g.a.g.g.c.c.c.t.c.a.g.c.t.a.c.g<T.T.T.T.T.T.T.T.T>T_39
0,3323,5dqt,K,G,2_T.T.T.T.T_6,2_<T.T.T.T.T>c.g.t.a.g.c.t.g.a.g.t.t.g.a.g.t.c.g.a.t.g.c.T.T.T.T.T.T_34
0,3323,5vvl,A,J,12_G.C.C.G.C_16,1_c.a.c.t.g.g.t.g.g.t.c<G.C.C.G.C>g.g.T.T.G.G.a.a.c.a.c.t.c.t.a.a.G.A.T.A.t.t.a.g.a_58
0,3323,5dqt,A,H,29_T.T.T.T.T_33,1_T.T.T.T.T.T.g.c.a.t.c.g.a.c.t.c.a.a.c.t.c.a.g.c.t.a.c.g<T.T.T.T.T>_33
0,3323,5dqt,L,O,30_T.T.T.T.T_34,2_T.T.T.T.T.c.g.t.a.g.c.t.g.a.g.t.t.g.a.g.t.c.g.a.t.g.c.T<T.T.T.T.T>_34
0,3323,5dqu,D,I,611_T.T.T.T.T_615,601_G.a.G.t.c.g.a.t.g.c<T.T.T.T.T>_615
0,3323,5dqu,A,H,11_T.T.T.T.T_15,1_G.a.G.t.c.g.a.t.g.c<T.T.T.T.T>_15
0,3323,5vvj,A,H,24_C.T.C.G.T_28,1_a.t.t.t.a.c.t.a.c.t.c.g.t.t.c.t.g.g.t.g.t.t.t<C.T.C.G.T>g.t.g.t.t.c.c.c.c.g.c.g.c.c.a.g.c.G.a.C.c.g.a.g.c.g.c.t.c.g.G.t.g.c.t.g.g.c.g.c.g.g.g.g.a.a.c.a.c.t.c.t.a.a.t.t.a.g.a_112
0,3323,5wfe,A,H,24_C.T.C.G.T_28,1_a.t.t.t.a.c.t.a.c.t.c.g.t.t.c.t.g.g.t.g.t.t.t<C.T.C.G.T>g.t.g.t.t.c.c.c.c.g.c.g.c.c.a.g.c_45
0,3323,5vvj,C,G,24_T.G.G.G.C_28,1_a.a.a.c.a.c.c.a.g.a.a.c.g.a.g.t.a.g.t.a.a.a.t<T.G.G.G.C>_28
0,3323,5vvl,C,K,12_C.G.A.G.G_16,1_g.c.t.a.c.t.g.g.g.g.c<C.G.A.G.G>g.t.g.t.t.c.c.g.a.g.c.a.G.t.g.c.t.c_58
0,3323,5dqz,A,G,30_T.T.T.T.C.T.T_36,2_T.T.T.T.T.c.g.t.a.g.c.t.g.a.g.g.g.c.c.t.c.a.g.c.t.a.c.g<T.T.T.T.C.T.T>T_37
0,3323,5dqt,D,G,30_T.T.T.T.T_34,2_T.T.T.T.T.c.g.t.a.g.c.t.g.a.g.t.t.g.a.g.t.c.g.a.t.g.c.T<T.T.T.T.T>_34
0,3323,5dqz,B,G,31_T.T.T.C.T.T_36,2_T.T.T.T.T.c.g.t.a.g.c.t.g.a.g.g.g.c.c.t.c.a.g.c.t.a.c.g.T<T.T.T.C.T.T>T_37
0,3323,5dqz,C,H,31_T.T.T.C.T.T_36,2_T.T.T.T.T.c.g.t.a.g.c.t.g.a.g.g.c.c.c.t.c.a.g.c.t.a.c.g.T<T.T.T.C.T.T>T_37
0,3571,2es2,A,B,2_T.T.T.T_5,2_<T.T.T.T>T_6
0,3665,6edt,C,O,58_A.G.G.G.T_62,14_c.g.a.a.c.c.t.g.g.t.c.t.t.g.a.c.t.c.c.a.t.t.g.c.c.g.g.a.t.t.t.g.t.a.t.t.A.G.A.C.T.G.G.C<A.G.G.G.T>t.g.c.c.c.c.g.a.a.g.c.g.g.g.c.g_78
0,4004,7f49,A,B,12_A2m.A2m.Omg.A2m.Omc.A2m.Omc_18,1_omg.omc.omc.a2m.omg.omg.omg.a2m.omc.Omc.omu<A2m.A2m.Omg.A2m.Omc.A2m.Omc>a2m.Omu.omg.omu.omc.omc.omc.omu.omg.omg.omc.T_30
0,4542,4dpv,Z,N,1_A.T.A.C.C_5,1_<A.T.A.C.C>T.C.T.T.G.C_11
0,4708,3glg,F,M,7_T.T.T.T_10,7_<T.T.T.T>t.a.t.a.g.g.c.c.a.g_20
0,4708,3gli,F,M,2_T.T.T.T_5,2_<T.T.T.T>t.a.t.a.g.g.c.c.a.g_15
0,4871,3k70,E,Y,46_5iu.A.G.A.5iu.A_51,1_5iu.5iu.5iu.5iu.5iu.A.5iu.C.5iu.A.a.t.g.c.g.a.g.c.a.c.t.g.c.t.a.t.a.g.c.a.g.t.g.c.t.c.g.c.a.t<5iu.A.G.A.5iu.A>_51
0,4871,3k70,B,X,46_5iu.A.G.A.5iu.A_51,1_5iu.5iu.5iu.5iu.5iu.A.5iu.C.5iu.A.a.t.g.c.g.a.g.c.a.c.t.g.c.t.a.t.a.g.c.a.g.t.g.c.t.c.g.c.a.t<5iu.A.G.A.5iu.A>_51
0,4871,1w36,B,Y,40_T.A.G.A_43,1_T.C.T.A.a.t.g.c.g.a.g.c.a.c.t.g.c.t.a.t.a.g.c.a.g.t.g.c.t.c.g.c.a.t<T.A.G.A>_43
0,5286,3g2c,A,I,1_C.G.T.A_4,1_<C.G.T.A>_4
0,5286,3g2c,B,I,1_C.G.T.A_4,1_<C.G.T.A>_4
0,5950,3kqu,A,M,14_T.T.T.T.T_18,1_T.T.T.T.T.T.T.T.T.T.T.T.T<T.T.T.T.T>_18
0,5950,3kql,B,F,16_T.T.T.T.T.T_21,16_<T.T.T.T.T.T>_21
0,5950,3kqh,B,C,1_A.A.A.A.A.A_6,1_<A.A.A.A.A.A>_6
0,5950,3kqh,A,D,1_A.A.A.A.A.A_6,1_<A.A.A.A.A.A>_6
0,5950,3kqk,B,C,1_T.T.T.T.T.T_6,1_<T.T.T.T.T.T>_6
0,5950,3kqk,A,D,1_T.T.T.T.T.T_6,1_<T.T.T.T.T.T>_6
0,5950,3kqn,A,E,1_T.T.T.T_4,1_<T.T.T.T>T.T_6
0,5960,5ywv,B,D,4_T.A.I.G_7,4_<T.A.I.G>_7
0,5960,5ywt,A,C,4_C.C.T.C.T.T_9,1_G.G.C<C.C.T.C.T.T>_9
0,5978,5hru,B,C,7_T.T.G.G_10,3_t.c.g.a<T.T.G.G>A.t.t.G.T.g.c.c.g.g.a.a.G.T.G.c.t.g.g.c.t.c.g.a_34
0,6134,6k3j,A,B,385_A.T.T.C.U.5iu.A.A.T.T_394,385_<A.T.T.C.U.5iu.A.A.T.T>_394
0,6314,4h5q,A,D,4_T.T.T.T.T.T.T_10,1_T.T.T<T.T.T.T.T.T.T>T.T.T.T_14
0,6314,4h5q,C,D,1_T.T.T.T.T_5,1_<T.T.T.T.T>T.T.T.T.T.T.T.T.T_14
0,6314,4h5q,B,D,9_T.T.T.T.T_13,1_T.T.T.T.T.T.T.T<T.T.T.T.T>T_14
0,6565,2o59,B,D,1_C.G.C.A.A.C.T.T_8,1_<C.G.C.A.A.C.T.T>_8
0,6565,2o54,B,D,1_C.G.C.A.A.C.T.T_8,1_<C.G.C.A.A.C.T.T>_8
0,6565,2o19,B,D,1_C.G.C.A.A.C.T.T_8,1_<C.G.C.A.A.C.T.T>_8
0,6769,5y3l,B,F,1_C.C.G.C_4,1_<C.C.G.C>A.C_6
0,6769,5y3k,B,F,1_G.C.G.C_4,1_<G.C.G.C>A.C_6
0,7701,5dlo,A,B,2_A.U.A.C.A.U.A_8,2_<A.U.A.C.A.U.A>_8
0,8368,4a8y,C,H,4_T.T.T.T.C.G_9,4_<T.T.T.T.C.G>_9
0,8368,4a8s,C,H,1_T.T.T.T.C.G_6,1_<T.T.T.T.C.G>_6
0,8368,4a8s,B,G,10_A.G.C.G_13,10_<A.G.C.G>_13
0,8368,4a8q,C,H,3_C.G.C.G_6,1_T.T<C.G.C.G>_6
0,8444,6cqi,A,B,2_T.T.C.C.G.C.T.T_9,2_<T.T.C.C.G.C.T.T>G.A_11
0,8444,6cq2,A,B,1_T.T.C.C.G.C.T.T.G_9,1_<T.T.C.C.G.C.T.T.G>A_10
0,9087,3n1j,A,B,1_T.T.T.T_4,1_<T.T.T.T>T.T.T.T.T_9
0,9114,4hqx,A,C,17_Upe.18q.A.Uz_20,1_Uz.uz.a2m.c.g.uz.ubi.a.c.A2m.c.g.c.g.uz<Upe.18q.A.Uz>A2m.g.c.18m_24
0,9114,4hqu,A,C,17_Upe.18q.A.Uz_20,1_Uz.uz.a2m.c.g.uz.uz.a.c.A2m.c.g.c.g.uz<Upe.18q.A.Uz>A2m.g.c.18m_24
0,9569,4a76,A,B,1_T.T.T.T.T.T.T_7,1_<T.T.T.T.T.T.T>_7
0,9569,4a76,G,H,4_T.T.T.T_7,4_<T.T.T.T>_7
0,9569,4a76,E,F,4_T.T.T.T_7,4_<T.T.T.T>_7
0,9569,4a76,C,D,1_T.T.T.T.T.T.T_7,1_<T.T.T.T.T.T.T>_7
0,9569,4a75,G,H,2_T.T.T.T.T.T_7,2_<T.T.T.T.T.T>_7
0,9569,4a75,E,F,3_T.T.T.T_6,3_<T.T.T.T>T_7
0,9569,4a75,C,D,2_T.T.T.T.T.T_7,2_<T.T.T.T.T.T>_7
0,9569,4a75,A,B,3_T.T.T.T_6,3_<T.T.T.T>T_7
0,10201,2c62,A,C,5_T.T.T.T.T_9,5_<T.T.T.T.T>T.T.T.T.T.T.T.T.T.T.G_20
0,10201,2c62,B,C,16_T.T.T.T.G_20,5_T.T.T.T.T.T.T.T.T.T.T<T.T.T.T.G>_20
0,10201,6ycs,A,E,11_Okn.Pst.Gs.Gs.As.Okt.Okt_17,2_Okt.rfj.okq.okt.as.gs.okn.Okn.Pst<Okn.Pst.Gs.Gs.As.Okt.Okt>_17
0,10201,6ycs,C,E,9_Okn.Pst.Okn.Pst.Gs.Gs_14,2_Okt.rfj.okq.okt.as.gs.okn<Okn.Pst.Okn.Pst.Gs.Gs>As.Okt.Okt_17
0,10201,6ycs,B,E,14_Gs.As.Okt.Okt_17,2_Okt.rfj.okq.okt.as.gs.okn.Okn.Pst.Okn.Pst.Gs<Gs.As.Okt.Okt>_17
0,10201,6ycs,B,F,10_Pst.Okn.Pst.Gs_13,1_Okq.Okt.rfj.okq.okt.as.gs.okn<Pst.Okn.Pst.Gs>_13
0,10201,6ycs,D,F,10_Pst.Okn.Pst.Gs_13,1_Okq.Okt.rfj.okq.okt.as.gs.okn<Pst.Okn.Pst.Gs>_13
0,10473,6ykf,A,B,1_C.A.5cm.A.G_5,1_<C.A.5cm.A.G>_5
0,10572,6gvt,B,A,2_T.G.T.G.C.T.C.A_9,1_C<T.G.T.G.C.T.C.A>_9
0,10572,6gvq,B,A,1_C.T.G.T.G.C.T_7,1_<C.T.G.T.G.C.T>C.A_9
0,10572,6gvu,B,A,1_C.T.G.T.G.C.T_7,1_<C.T.G.T.G.C.T>C.A_9
0,10573,6jdg,B,G,3_T.T.T.T.T.T.T.T_10,2_T<T.T.T.T.T.T.T.T>T.T.T.T_17
0,10573,6jdg,A,F,4_T.T.T.T.T.T.T_10,4_<T.T.T.T.T.T.T>T.T.T.T_16
0,10665,1m07,B,D,1_A.C.G.A_4,1_<A.C.G.A>_4
0,11359,4ki2,A,D,1_T.G.T.A_4,1_<T.G.T.A>C.A.A.T.G.G.G_11
0,11516,5f55,A,C,194_G.A.T.G.T_198,194_<G.A.T.G.T>A.c.G.C.T.A.g.G.C_207
0,11516,5f55,A,C,201_G.C.T.A_204,194_G.A.T.G.T.A.c<G.C.T.A>g.G.C_207
0,11516,5f56,A,C,1_C.T.G.A.T.G.G.C.A_9,1_<C.T.G.A.T.G.G.C.A>_9
0,12743,3qyx,A,E,2_C.G.C.C_5,2_<C.G.C.C>G_6
0,12955,4k8x,A,T,1_A.A.A.G_4,1_<A.A.A.G>g.c.g.c.a.g.t.t.c.g.c.g_16
0,13159,4lup,A,B,107_T.G.T.C_110,107_<T.G.T.C>A.A.A_113
0,15654,6qem,B,M,7_T.T.T.T.T_11,1_T.T.T.T.T.T<T.T.T.T.T>T.T.T.T.T.T.T.T.T.T.T.T.T.T.T_26
0,15654,6qem,A,M,9_T.T.T.T.T.T.T_15,1_T.T.T.T.T.T.T.T<T.T.T.T.T.T.T>T.T.T.T.T.T.T.T.T.T.T_26
0,15654,6qem,C,M,5_T.T.T.T.T_9,1_T.T.T.T<T.T.T.T.T>T.T.T.T.T.T.T.T.T.T.T.T.T.T.T.T.T_26
0,15654,6qem,E,M,1_T.T.T.T.T_5,1_<T.T.T.T.T>T.T.T.T.T.T.T.T.T.T.T.T.T.T.T.T.T.T.T.T.T_26
0,15654,6qem,D,M,2_T.T.T.T.T.T_7,1_T<T.T.T.T.T.T>T.T.T.T.T.T.T.T.T.T.T.T.T.T.T.T.T.T.T_26
0,15654,6qem,F,M,11_T.T.T.T.T.T_16,1_T.T.T.T.T.T.T.T.T.T<T.T.T.T.T.T>T.T.T.T.T.T.T.T.T.T_26
0,15957,2vtb,D,J,1_T.T.Tcp.T.T_5,1_<T.T.Tcp.T.T>_5
0,15957,2vtb,C,I,1_T.T.Tcp.T.T_5,1_<T.T.Tcp.T.T>_5
0,15957,2vtb,A,G,1_T.T.Tcp.T.T_5,1_<T.T.Tcp.T.T>_5
0,15957,2vtb,E,K,2_T.Tcp.T.T_5,2_<T.Tcp.T.T>_5
0,16496,1x0f,A,B,2_T.A.G.G_5,2_<T.A.G.G>_5
0,16754,3ra0,A,B,1_T.T.T.T_4,1_<T.T.T.T>T.T.T.T.T_9
0,16895,5k7z,B,E,1_C.C.T.A_4,1_<C.C.T.A>c.c.G.a.T.c.g.G.t.A.g.g_16
0,17174,3gp8,A,X,1_T.T.T.T.T.T.T.T_8,1_<T.T.T.T.T.T.T.T>_8
0,17174,3gpl,A,X,2_T.T.T.T.T.T.T_8,2_<T.T.T.T.T.T.T>_8
0,17313,5ip3,C,E,1_T.T.T.T.T.T.T_7,1_<T.T.T.T.T.T.T>_7
0,17313,5ip3,B,D,1_T.T.T.T_4,1_<T.T.T.T>T_5
0,17313,5ip3,A,F,1_T.T.T.T.T_5,1_<T.T.T.T.T>T_6
0,17461,3sz5,A,B,210_T.T.T.T_213,210_<T.T.T.T>_213
0,18986,3dnv,B,T,701_T.A.T.C_704,699_A.C<T.A.T.C>C.C.C.T.T.A.A.G.G.G.G.A.T.A.G_719
0,19510,2a0i,A,B,1_T.G.G.G_4,1_<T.G.G.G>g.T.G.t.G.G_10
0,19514,5zva,A,C,4_T.T.C.A.A_8,1_A.T.T<T.T.C.A.A>C.T_10
0,19514,5zvb,A,C,4_T.T.C.A.A_8,1_A.T.T<T.T.C.A.A>T_9
0,19514,5zva,B,C,6_C.A.A.C_9,1_A.T.T.T.T<C.A.A.C>T_10
0,19514,5zvb,B,C,6_C.A.A.T_9,1_A.T.T.T.T<C.A.A.T>_9
0,21966,5tkz,B,C,15_A.G.C.A.C_19,15_<A.G.C.A.C>A.A.G.C.A.C.A_40
0,21966,5tkz,A,C,35_A.G.C.A.C_39,15_A.G.C.A.C.A<A.G.C.A.C>A_40
0,23556,6qem,G,M,22_T.T.T.T_25,1_T.T.T.T.T.T.T.T.T.T.T.T.T.T.T.T.T.T.T.T.T<T.T.T.T>T_26
0,23556,6qem,J,M,16_T.T.T.T_19,1_T.T.T.T.T.T.T.T.T.T.T.T.T.T.T<T.T.T.T>T.T.T.T.T.T.T_26
0,23556,6qem,K,M,14_T.T.T.T_17,1_T.T.T.T.T.T.T.T.T.T.T.T.T<T.T.T.T>T.T.T.T.T.T.T.T.T_26
0,25485,5zyu,B,C,3_C.A.A.C.A.A.C_9,3_<C.A.A.C.A.A.C>A_10
0,26147,5chi,B,E,5_T.T.T.T_8,5_<T.T.T.T>_8
0,26147,5chi,C,F,5_T.T.T.T_8,5_<T.T.T.T>_8
0,26147,5chi,A,D,5_T.T.T.T_8,5_<T.T.T.T>_8
0,26634,1s40,A,B,1_G.T.G.T.G.G.G.T.G.T.G_11,1_<G.T.G.T.G.G.G.T.G.T.G>_11
0,27415,4pso,D,E,-3_T.T.T.T.T_1,-3_<T.T.T.T.T>T.T_3
0,27415,4pso,C,E,-3_T.T.T.T.T.T_2,-3_<T.T.T.T.T.T>T_3
0,27415,4pso,I,Z,11_T.T.T.T_14,11_<T.T.T.T>_14
0,27415,4pso,H,Z,11_T.T.T.T_14,11_<T.T.T.T>_14
0,27415,4pso,A,L,4_T.T.T.T.T.T_9,1_T.T.T<T.T.T.T.T.T>T_10
0,27415,4pso,B,L,4_T.T.T.T.T.T.T_10,1_T.T.T<T.T.T.T.T.T.T>_10
0,27415,4pso,F,X,7_T.T.T.T_10,7_<T.T.T.T>_10
0,28835,1jmc,A,B,11_C.C.C.C.C.C.C.C_18,11_<C.C.C.C.C.C.C.C>_18
0,31837,1mw8,X,Y,702_C.T.T.C.G.G_707,702_<C.T.T.C.G.G>G_708
0,32210,5zg9,A,C,7_T.T.T.T.T.T_12,1_T.T.T.T.T.T<T.T.T.T.T.T>_12
0,32559,1zvv,B,T,700_C.T.G.A.A_704,700_<C.T.G.A.A>A.G.C.G.C.T.T.A.C.A.G_715
0,32559,1zvv,A,O,700_C.T.G.A.A_704,700_<C.T.G.A.A>A.G.C.G.C.T.T.A.C.A.G_715
0,32559,1zvv,G,R,700_C.T.G.A.A_704,700_<C.T.G.A.A>A.G.C.G.C.T.T.A.C.A.G_715
0,32754,2p6r,A,X,18_A.G.C.A.T.G.T.C_25,1_a.t.c.g.a.t.a.g.t.c.t.c.t.A.G.A.C<A.G.C.A.T.G.T.C>_25
0,33173,3udg,A,G,1_T.T.T.T_4,1_<T.T.T.T>T_5
0,33173,3udg,B,E,1_T.T.T.T.T_5,1_<T.T.T.T.T>_5
0,33173,3udg,C,D,1_T.T.T.T.T_5,1_<T.T.T.T.T>_5
0,33723,2vye,A,C,2006_T.T.T.T_2009,2001_T.T.T.T.T<T.T.T.T>_2009
0,33723,2vye,B,C,2006_T.T.T.T_2009,2001_T.T.T.T.T<T.T.T.T>_2009
0,33909,1eyg,A,R,111_C.C.C.C_114,103_C.C.C.C.C.C.C.C<C.C.C.C>C.C.C.C.C.C.C.C.C.C.C_127
0,33909,1eyg,A,R,119_C.C.C.C.C.C.C.C.C_127,103_C.C.C.C.C.C.C.C.C.C.C.C.C.C<C.C.C.C.C.C.C.C.C>_127
0,33909,1eyg,A,Q,13_C.C.C.C.C_17,3_C.C.C.C.C.C.C.C.C.C<C.C.C.C.C>C.C.C.C.C.C.C.C.C.C.C.C.C_30
0,33909,1eyg,B,R,106_C.C.C.C.C.C.C.C.C_114,103_C.C.C<C.C.C.C.C.C.C.C.C>C.C.C.C.C.C.C.C.C.C.C_127
0,33909,1eyg,D,Q,25_C.C.C.C.C.C_30,3_C.C.C.C.C.C.C.C.C.C.C.C.C.C.C.C.C.C.C.C.C.C<C.C.C.C.C.C>_30
0,34214,5ean,A,B,11_G.A.G.G.A_15,1_A.C.T.C.T.G.C.C.A.A<G.A.G.G.A>_15
0,34877,7csz,A,C,6_G.G.A.C.G_10,6_<G.G.A.C.G>_10
0,35406,6k8o,A,B,701_G.C.A.A.G.G.T.C_708,701_<G.C.A.A.G.G.T.C>_708
0,36247,2ccz,A,C,3_T.T.T.T.T.T_8,1_T.T<T.T.T.T.T.T>T.T.T.T.T.T.T_15
0,36696,5w2m,J,N,901_T.T.T.T_904,901_<T.T.T.T>T.T.T.T.T.T_910
0,36696,5w2m,L,N,907_T.T.T.T_910,901_T.T.T.T.T.T<T.T.T.T>_910
