,structureId,chainId,int_ssDNA_chain,ssDNA_int
0,4A8Q,C,H,"[[3, 4, 5, 6]]"
1,6F2S,F,P,"[[3, 4, 5, 6, 7]]"
2,6F2S,E,O,"[[3, 4, 5, 6, 7]]"
3,6F2S,H,S,"[[3, 4, 5, 6]]"
4,6F2S,I,S,"[[3, 4, 5, 6]]"
5,6F2S,B,Q,"[[3, 4, 5, 6, 7]]"
6,6F2S,J,T,"[[3, 4, 5, 6, 7]]"
7,3VAG,B,E,"[[3, 4, 5, 6, 7]]"
8,3VAG,B,P,"[[2, 3, 4, 5, 6]]"
9,3VAG,A,P,"[[3, 4, 5, 6, 7]]"
10,4Y00,B,F,"[[2, 3, 4, 5, 6, 7, 8, 9]]"
11,4Y00,A,E,"[[2, 3, 4, 5, 6, 7, 8, 9]]"
12,4Y00,C,E,"[[2, 3, 4, 5]]"
13,4Y00,C,G,"[[4, 5, 6, 7]]"
14,4Y0F,B,C,"[[2, 3, 4, 5]]"
15,4Y0F,B,D,"[[4, 5, 6, 7]]"
16,4Y0F,A,C,"[[2, 3, 4, 5, 6, 7, 8, 9, 10]]"
17,4G7H,F,H,"[[4, 5, 6, 7, 8, 9]]"
18,4G7H,C,H,"[[7, 8, 9, 10, 11, 12, 13, 14]]"
19,4G7H,C,G,"[[14, 15, 16, 17, 18, 19]]"
20,4G7H,M,R,"[[7, 8, 9, 10, 11, 12, 13, 14]]"
21,4G7H,P,R,"[[4, 5, 6, 7, 8, 9]]"
22,4G7H,D,G,"[[14, 15, 16, 17]]"
23,6CND,A,Y,"[[20, 21, 22, 23]]"
24,4TMU,A,B,"[[23, 24, 25, 26, 27, 28, 29]]"
25,5ZYV,A,E,"[[3, 4, 5, 6, 7, 8]]"
26,6VVZ,F,P,"[[102, 103, 104, 105]]"
27,6VVZ,F,O,"[[50, 51, 52, 53, 54, 55, 56, 57]]"
28,5W2M,J,N,"[[901, 902, 903, 904]]"
29,5W2M,K,N,"[[906, 907, 908, 909, 910]]"
30,5W2M,L,N,"[[907, 908, 909, 910]]"
31,5W2M,A,E,"[[901, 902, 903, 904]]"
32,5W2M,B,E,"[[906, 907, 908, 909, 910]]"
33,5W2M,C,E,"[[907, 908, 909, 910]]"
34,1KDH,A,D,"[[1, 2, 3, 4]]"
35,6CNC,B,Y,"[[21, 22, 23, 24]]"
36,6CNC,A,Y,"[[20, 21, 22, 23, 24]]"
37,4FPV,A,C,"[[1, 2, 3, 4, 5]]"
38,2O5I,D,H,"[[1, 2, 3, 4]]"
39,2O5I,C,H,"[[1, 2, 3, 4]]"
40,7D7D,F,N,"[[26, 27, 28, 29, 30, 31]]"
41,5ZVA,B,C,"[[6, 7, 8, 9]]"
42,5ZVA,A,C,"[[4, 5, 6, 7, 8]]"
43,6GOV,A,R,"[[13, 14, 15, 16]]"
44,5OXJ,A,C,"[[201, 202, 203, 204]]"
45,4HCC,B,D,"[[1, 2, 3, 4, 5]]"
46,4HCC,B,C,"[[1, 2, 3, 4]]"
47,4HCC,A,C,"[[1, 2, 3, 4, 5]]"
48,2A0I,A,B,"[[1, 2, 3, 4]]"
49,5N8O,A,C,"[[6, 7, 8, 9, 10, 11, 12, 13, 14, 15, 16, 17, 18, 19, 20, 21, 22]]"
50,4HIM,A,B,"[[6, 7, 8, 9]]"
51,3V6D,A,T,"[[702, 703, 704, 705]]"
52,3V6D,C,E,"[[702, 703, 704, 705]]"
53,4DPV,Z,N,"[[1, 2, 3, 4, 5]]"
54,4HQB,A,N,"[[5, 6, 7, 8]]"
55,4FJX,A,T,"[[1, 2, 3, 4]]"
56,4RUL,A,B,"[[19, 20, 21, 22, 23, 24, 25, 26, 27, 28, 29]]"
57,6CUU,F,H,"[[4, 5, 6, 7, 8, 9]]"
58,6CUU,C,H,"[[7, 8, 9, 10, 11, 12]]"
59,6CUU,C,G,"[[13, 14, 15, 16]]"
60,6CUU,D,G,"[[13, 14, 15, 16]]"
61,3Q22,A,C,"[[6, 7, 8, 9]]"
62,3Q22,B,D,"[[6, 7, 8, 9]]"
63,3UDG,A,G,"[[1, 2, 3, 4]]"
64,3UDG,C,D,"[[1, 2, 3, 4, 5]]"
65,3UDG,B,E,"[[1, 2, 3, 4, 5]]"
66,6N4C,F,b,"[[66, 67, 68, 69]]"
67,6N4C,F,a,"[[25, 26, 27, 28, 29]]"
68,6N4C,C,b,"[[66, 67, 68, 69]]"
69,6N4C,C,b,"[[72, 73, 74, 75, 76, 77, 78, 79]]"
70,6N4C,D,b,"[[75, 76, 77, 78, 79]]"
71,6Z9Q,a,L,"[[19, 20, 21, 22]]"
72,5N96,A,C,"[[2, 3, 4, 5, 6, 7, 8, 9, 10]]"
73,5N96,B,D,"[[2, 3, 4, 5, 6, 7, 8, 9, 10]]"
74,6BUX,A,B,"[[-3, -2, -1, 0, 1]]"
75,6GH5,D,F,"[[2, 3, 4, 5, 6, 7, 8]]"
76,6GH5,C,F,"[[-2, -1, 0, 1]]"
77,6GH5,C,G,"[[-1, 0, 1, 2]]"
78,6X75,A,T,"[[2, 3, 4, 5]]"
79,3F2B,A,T,"[[1, 2, 3, 4]]"
80,2GXA,K,N,"[[3, 4, 5, 6]]"
81,2GXA,J,N,"[[2, 3, 4, 5]]"
82,2GXA,I,N,"[[1, 2, 3, 4]]"
83,2GXA,L,N,"[[4, 5, 6, 7]]"
84,2GXA,E,M,"[[1, 2, 3, 4]]"
85,1QX0,A,B,"[[21, 22, 23, 24, 25]]"
86,6OY7,F,H,"[[4, 5, 6, 7, 8, 9]]"
87,5N98,A,C,"[[4, 5, 6, 7, 8, 9, 10]]"
88,5N98,B,D,"[[4, 5, 6, 7, 8, 9, 10]]"
89,1RCN,E,D,"[[1, 2, 3, 4]]"
90,1W36,C,Y,"[[1, 2, 3, 4]]"
91,1W36,B,Y,"[[40, 41, 42, 43]]"
92,1W36,F,Z,"[[1, 2, 3, 4]]"
93,1W36,E,Z,"[[40, 41, 42, 43]]"
94,3VDY,A,F,"[[4, 5, 6, 7, 8, 9, 10]]"
95,6DVE,F,H,"[[2, 3, 4, 5, 6, 7, 8, 9, 10, 11]]"
96,6DVE,C,H,"[[6, 7, 8, 9, 10, 11, 12, 13, 14, 15]]"
97,3GP8,A,X,"[[1, 2, 3, 4, 5, 6, 7, 8]]"
98,4HID,A,B,"[[1, 2, 3, 4, 5]]"
99,2O5J,N,Y,"[[1, 2, 3, 4]]"
100,2O5J,M,Y,"[[1, 2, 3, 4]]"
101,2O5J,C,H,"[[1, 2, 3, 4]]"
102,2IS2,B,D,"[[29, 30, 31, 32, 33]]"
103,4HJA,A,B,"[[2, 3, 4, 5]]"
104,4HJA,A,B,"[[8, 9, 10, 11]]"
105,6W7A,A,B,"[[0, 1, 2, 3, 4, 5]]"
106,6KDV,D,E,"[[18, 19, 20, 21]]"
107,6KDV,D,H,"[[6, 7, 8, 9, 10]]"
108,6KDV,C,E,"[[16, 17, 18, 19, 20, 21]]"
109,6KDV,B,G,"[[18, 19, 20, 21]]"
110,6KDV,A,G,"[[16, 17, 18, 19, 20, 21]]"
111,3SZ5,A,B,"[[210, 211, 212, 213]]"
112,6OY5,F,H,"[[4, 5, 6, 7, 8, 9]]"
113,6OY5,F,G,"[[17, 18, 19, 20]]"
114,4TU8,B,E,"[[3, 4, 5, 6]]"
115,4TU8,B,P,"[[1, 2, 3, 4, 5, 6]]"
116,4TU8,A,P,"[[3, 4, 5, 6, 7]]"
117,1J5K,A,B,"[[105, 106, 107, 108, 109]]"
118,4FLW,A,T,"[[1, 2, 3, 4, 5]]"
119,2CCZ,A,C,"[[3, 4, 5, 6, 7, 8]]"
120,4J1J,B,H,"[[7, 8, 9, 10, 11, 12, 13, 14, 15, 16, 17]]"
121,4J1J,A,H,"[[5, 6, 7, 8]]"
122,4J1J,C,I,"[[4, 5, 6, 7]]"
123,4J1J,D,I,"[[14, 15, 16, 17]]"
124,6ZNQ,B,D,"[[-6, -5, -4, -3, -2, -1, 0]]"
125,6ZNQ,A,C,"[[-3, -2, -1, 0]]"
126,1PH9,A,D,"[[2, 3, 4, 5, 6, 7, 8]]"
127,5VHE,A,B,"[[19, 20, 21, 22, 23, 24]]"
128,1EYG,A,Q,"[[13, 14, 15, 16, 17]]"
129,1EYG,A,R,"[[111, 112, 113, 114]]"
130,1EYG,A,R,"[[119, 120, 121, 122, 123, 124, 125, 126, 127]]"
131,1EYG,C,Q,"[[9, 10, 11, 12, 13, 14]]"
132,1EYG,D,Q,"[[25, 26, 27, 28, 29, 30]]"
133,1EYG,B,R,"[[106, 107, 108, 109, 110, 111, 112, 113, 114]]"
134,5Y3J,A,E,"[[1, 2, 3, 4]]"
135,5Y3J,B,F,"[[1, 2, 3, 4]]"
136,7D7C,F,N,"[[26, 27, 28, 29, 30, 31]]"
137,7D7C,F,T,"[[22, 23, 24, 25, 26]]"
138,3MXI,A,D,"[[1, 2, 3, 4]]"
139,3MXI,B,C,"[[1, 2, 3, 4]]"
140,6LMR,A,B,"[[301, 302, 303, 304, 305, 306, 307]]"
141,1PH6,A,D,"[[5, 6, 7, 8]]"
142,4HIK,A,B,"[[6, 7, 8, 9]]"
143,4A8F,B,G,"[[4, 5, 6, 7]]"
144,3PJR,A,Y,"[[11, 12, 13, 14, 15]]"
145,5ZE2,C,J,"[[15, 16, 17, 18]]"
146,3DNV,B,T,"[[701, 702, 703, 704]]"
147,4HJ8,A,B,"[[6, 7, 8, 9]]"
148,5ODL,A,D,"[[1, 2, 3, 4, 5, 6, 7, 8]]"
149,7AUD,A,M,"[[6, 7, 8, 9, 10, 11, 12, 13]]"
150,7AUD,E,Q,"[[6, 7, 8, 9, 10, 11, 12, 13]]"
151,7AUD,D,P,"[[5, 6, 7, 8, 9, 10]]"
152,7AUD,B,N,"[[5, 6, 7, 8, 9, 10]]"
153,7AUD,F,R,"[[7, 8, 9, 10]]"
154,7AUD,C,O,"[[5, 6, 7, 8, 9, 10]]"
155,6SKO,5,I,"[[11, 12, 13, 14]]"
156,6SKO,4,I,"[[6, 7, 8, 9]]"
157,6SKO,7,I,"[[7, 8, 9, 10, 11]]"
158,6SKO,2,I,"[[2, 3, 4, 5]]"
159,6SKO,6,I,"[[3, 4, 5, 6, 7]]"
160,6SKO,3,I,"[[10, 11, 12, 13]]"
161,6OY6,F,H,"[[4, 5, 6, 7, 8, 9]]"
162,6OY6,C,H,"[[7, 8, 9, 10, 11]]"
163,4TU7,B,E,"[[3, 4, 5, 6, 7]]"
164,4TU7,B,P,"[[1, 2, 3, 4, 5]]"
165,3KK1,A,T,"[[702, 703, 704, 705]]"
166,4YOX,A,B,"[[4, 5, 6, 7]]"
167,4YOX,E,F,"[[4, 5, 6, 7]]"
168,6DVD,F,H,"[[2, 3, 4, 5, 6, 7, 8, 9, 10, 11]]"
169,6DVD,C,H,"[[6, 7, 8, 9, 10, 11, 12, 13, 14, 15]]"
170,6XL5,F,N,"[[66, 67, 68, 69, 70, 71]]"
171,6XL5,F,T,"[[18, 19, 20, 21]]"
172,6XL5,C,N,"[[73, 74, 75, 76]]"
173,6XL5,C,T,"[[21, 22, 23, 24, 25]]"
174,6XL5,D,T,"[[20, 21, 22, 23]]"
175,5X2G,A,B,"[[75, 76, 77, 78]]"
176,3GNB,A,D,"[[10, 11, 12, 13]]"
177,7B0F,A,C,"[[-2, -1, 0, 1, 2, 3, 4]]"
178,5O6D,A,C,"[[3, 4, 5, 6, 7]]"
179,5O6D,B,D,"[[3, 4, 5, 6, 7]]"
180,4YOY,A,B,"[[4, 5, 6, 7]]"
181,4YOY,E,F,"[[4, 5, 6, 7]]"
182,4YOY,C,D,"[[4, 5, 6, 7]]"
183,6PST,I,P,"[[32, 33, 34, 35]]"
184,6PST,L,P,"[[32, 33, 34, 35, 36]]"
185,1WTB,A,B,"[[2, 3, 4, 5]]"
186,4JS5,A,C,"[[6, 7, 8, 9, 10, 11, 12, 13]]"
187,3G2C,B,I,"[[1, 2, 3, 4]]"
188,3G2C,A,I,"[[1, 2, 3, 4]]"
189,2L45,A,B,"[[20, 21, 22, 23, 24, 25]]"
190,1ZVV,B,T,"[[700, 701, 702, 703, 704]]"
191,1ZVV,A,O,"[[700, 701, 702, 703, 704]]"
192,1ZVV,G,R,"[[700, 701, 702, 703, 704]]"
193,6S3P,A,B,"[[2, 3, 4, 5, 6, 7]]"
194,1QLN,A,T,"[[6, 7, 8, 9]]"
195,4HJ5,A,B,"[[6, 7, 8, 9]]"
196,6LBR,B,D,"[[6, 7, 8, 9, 10, 11, 12, 13, 14]]"
197,6LBR,B,D,"[[16, 17, 18, 19, 20, 21, 22, 23]]"
198,6LBR,A,D,"[[18, 19, 20, 21, 22, 23]]"
199,6LBR,A,C,"[[6, 7, 8, 9, 10, 11, 12, 13, 14, 15, 16, 17, 18]]"
200,2PQU,B,G,"[[504, 505, 506, 507, 508, 509, 510]]"
201,2PQU,A,E,"[[503, 504, 505, 506, 507, 508, 509]]"
202,2PQU,C,E,"[[498, 499, 500, 501, 502, 503, 504, 505]]"
203,3SYZ,A,C,"[[201, 202, 203, 204]]"
204,4GOP,C,K,"[[1, 2, 3, 4, 5, 6, 7, 8, 9, 10, 11]]"
205,4GOP,C,K,"[[13, 14, 15, 16, 17, 18]]"
206,4GOP,B,K,"[[21, 22, 23, 24, 25]]"
207,4GOP,Z,L,"[[1, 2, 3, 4, 5, 6, 7, 8, 9]]"
208,4GOP,Z,L,"[[12, 13, 14, 15, 16, 17, 18, 19, 20, 21]]"
209,4GOP,Y,L,"[[19, 20, 21, 22]]"
210,3VAF,B,E,"[[3, 4, 5, 6, 7]]"
211,3VAF,B,P,"[[2, 3, 4, 5, 6]]"
212,3VAF,A,P,"[[3, 4, 5, 6, 7]]"
213,4BHM,B,H,"[[1, 2, 3, 4, 5]]"
214,4BHM,F,H,"[[5, 6, 7, 8]]"
215,4BHM,A,H,"[[4, 5, 6, 7]]"
216,4BHM,A,G,"[[4, 5, 6, 7, 8]]"
217,4BHM,D,G,"[[1, 2, 3, 4, 5]]"
218,4BHM,C,I,"[[4, 5, 6, 7]]"
219,6JDG,B,G,"[[3, 4, 5, 6, 7, 8, 9, 10]]"
220,6JDG,A,F,"[[4, 5, 6, 7, 8, 9, 10]]"
221,6GMH,B,P,"[[33, 34, 35, 36]]"
222,5YWV,B,D,"[[4, 5, 6, 7]]"
223,5ZX2,F,G,"[[26, 27, 28, 29, 30, 31, 32, 33]]"
224,5ZX2,C,G,"[[28, 29, 30, 31]]"
225,6PBD,A,X,"[[11, 12, 13, 14]]"
226,6PBD,A,Y,"[[7, 8, 9, 10]]"
227,6PBD,B,Y,"[[7, 8, 9, 10]]"
228,3DLB,A,X,"[[6, 7, 8, 9, 10]]"
229,3DLB,B,Y,"[[107, 108, 109, 110]]"
230,4YNQ,A,E,"[[21, 22, 23, 24]]"
231,4YNQ,D,G,"[[21, 22, 23, 24]]"
232,5ZVB,B,C,"[[6, 7, 8, 9]]"
233,5ZVB,A,C,"[[4, 5, 6, 7, 8]]"
234,5VI5,F,O,"[[29, 30, 31, 32, 33, 34]]"
235,5VI5,C,O,"[[36, 37, 38, 39]]"
236,4JRQ,A,C,"[[1, 2, 3, 4]]"
237,4JRQ,A,C,"[[6, 7, 8, 9]]"
238,4JRQ,B,D,"[[1, 2, 3, 4, 5, 6, 7, 8, 9]]"
239,6VW0,F,O,"[[50, 51, 52, 53, 54, 55, 56]]"
240,6VW0,F,P,"[[97, 98, 99, 100]]"
241,6PE2,B,E,"[[35, 36, 37, 38]]"
242,6PE2,H,K,"[[-22, -21, -20, -19]]"
243,2IS4,A,D,"[[21, 22, 23, 24, 25, 26]]"
244,2IS4,B,C,"[[22, 23, 24, 25, 26]]"
245,6OMF,F,N,"[[29, 30, 31, 32, 33, 34]]"
246,7LFQ,A,B,"[[1, 2, 3, 4]]"
247,6X6Z,A,T,"[[2, 3, 4, 5]]"
248,5ZAD,B,E,"[[9, 10, 11, 12]]"
249,5ZAD,A,F,"[[9, 10, 11, 12]]"
250,6OPM,D,E,"[[3, 4, 5, 6, 7, 8]]"
251,6OPM,B,F,"[[4, 5, 6, 7, 8]]"
252,4A75,A,B,"[[3, 4, 5, 6]]"
253,4A75,G,H,"[[2, 3, 4, 5, 6, 7]]"
254,4A75,C,D,"[[2, 3, 4, 5, 6, 7]]"
255,4A75,E,F,"[[3, 4, 5, 6]]"
256,5O6E,B,D,"[[1, 2, 3, 4, 5]]"
257,5O6E,A,C,"[[1, 2, 3, 4, 5]]"
258,4FLY,A,T,"[[1, 2, 3, 4, 5]]"
259,4HJ7,A,B,"[[6, 7, 8, 9]]"
260,3Q23,A,C,"[[6, 7, 8, 9]]"
261,3Q23,B,D,"[[6, 7, 8, 9]]"
262,1P5W,A,B,"[[2, 3, 4, 5]]"
263,2AXY,C,G,"[[500, 501, 502, 503, 504]]"
264,2AXY,A,E,"[[499, 500, 501, 502, 503, 504]]"
265,2AXY,B,F,"[[500, 501, 502, 503, 504]]"
266,2AXY,D,H,"[[499, 500, 501, 502, 503]]"
267,5I2D,F,I,"[[-9, -8, -7, -6, -5, -4]]"
268,5I2D,F,J,"[[4, 5, 6, 7, 8, 9, 10, 11]]"
269,5I2D,C,I,"[[-6, -5, -4, -3, -2, -1, 0, 1]]"
270,5I2D,C,J,"[[4, 5, 6, 7, 8, 9, 10, 11]]"
271,5I2D,N,T,"[[-6, -5, -4, -3, -2, -1, 0, 1]]"
272,5I2D,N,U,"[[4, 5, 6, 7, 8, 9, 10, 11]]"
273,5I2D,Q,T,"[[-9, -8, -7, -6, -5, -4]]"
274,5I2D,Q,U,"[[4, 5, 6, 7, 8, 9, 10, 11]]"
275,6DG0,A,D,"[[0, 1, 2, 3, 4, 5]]"
276,6DG0,B,C,"[[0, 1, 2, 3, 4, 5]]"
277,4FM1,A,T,"[[1, 2, 3, 4, 5]]"
278,4HCB,B,C,"[[0, 1, 2, 3, 4]]"
279,4HCB,B,D,"[[0, 1, 2, 3, 4, 5, 6, 7, 8, 9]]"
280,4HCB,A,C,"[[0, 1, 2, 3, 4, 5, 6, 7, 8, 9]]"
281,4HCB,A,D,"[[0, 1, 2, 3]]"
282,6S3M,A,C,"[[3, 4, 5, 6, 7]]"
283,6S3M,B,D,"[[3, 4, 5, 6, 7]]"
284,6W64,A,B,"[[-11, -10, -9, -8, -7, -6, -5]]"
285,6P5A,B,E,"[[-22, -21, -20, -19]]"
286,6P5A,H,K,"[[-22, -21, -20, -19]]"
287,4A8Y,C,H,"[[4, 5, 6, 7, 8, 9]]"
288,6PCM,B,D,"[[14, 15, 16, 17, 18, 19, 20, 21, 22]]"
289,6PCM,A,C,"[[13, 14, 15, 16, 17, 18, 19, 20]]"
290,3C3L,A,C,"[[4, 5, 6, 7, 8, 9]]"
291,3C3L,B,D,"[[4, 5, 6, 7, 8, 9]]"
292,4JRP,A,C,"[[1, 2, 3, 4, 5, 6, 7, 8, 9]]"
293,4JRP,A,D,"[[1, 2, 3, 4, 5, 6]]"
294,4JRP,B,D,"[[2, 3, 4, 5, 6, 7, 8, 9, 10]]"
295,4HQX,A,C,"[[17, 18, 19, 20]]"
296,1PA6,A,D,"[[1, 2, 3, 4]]"
297,5X2H,A,B,"[[75, 76, 77, 78]]"
298,2C62,A,C,"[[5, 6, 7, 8, 9]]"
299,2C62,B,C,"[[16, 17, 18, 19, 20]]"
300,3IYD,C,I,"[[74, 75, 76, 77, 78, 79, 80, 81]]"
301,3IYD,C,J,"[[18, 19, 20, 21, 22, 23]]"
302,3IYD,D,J,"[[16, 17, 18, 19, 20, 21, 22]]"
303,3IYD,F,J,"[[28, 29, 30, 31]]"
304,3IYD,H,J,"[[83, 84, 85, 86]]"
305,5YWT,A,C,"[[4, 5, 6, 7, 8, 9]]"
306,6S3O,A,B,"[[2, 3, 4, 5, 6, 7]]"
307,4HQU,A,C,"[[17, 18, 19, 20]]"
308,6BHX,B,E,"[[1, 2, 3, 4]]"
309,1PH5,A,D,"[[2, 3, 4, 5, 6, 7, 8]]"
310,5O6B,A,C,"[[3, 4, 5, 6, 7, 8]]"
311,5O6B,B,D,"[[3, 4, 5, 6, 7, 8]]"
312,5W65,P,T,"[[21, 22, 23, 24, 25]]"
313,7MR3,D,X,"[[5, 6, 7, 8, 9]]"
314,7MR3,C,X,"[[5, 6, 7, 8, 9, 10, 11, 12]]"
315,1ZZJ,B,D,"[[4, 5, 6, 7, 8, 9]]"
316,1ZZJ,A,D,"[[2, 3, 4, 5]]"
317,6W5C,A,E,"[[30, 31, 32, 33, 34, 35, 36]]"
318,6W5C,A,B,"[[-20, -19, -18, -17]]"
319,3OJS,A,C,"[[201, 202, 203, 204]]"
320,1JMC,A,B,"[[11, 12, 13, 14, 15, 16, 17, 18]]"
321,3F2C,A,T,"[[1, 2, 3, 4]]"
322,1PH8,A,D,"[[2, 3, 4, 5, 6, 7, 8]]"
323,1ZZI,A,C,"[[1, 2, 3, 4, 5, 6]]"
324,1ZZI,B,D,"[[2, 3, 4, 5]]"
325,4H5Q,B,D,"[[9, 10, 11, 12, 13]]"
326,4H5Q,A,D,"[[4, 5, 6, 7, 8, 9, 10]]"
327,4H5Q,C,D,"[[1, 2, 3, 4, 5]]"
328,6GML,B,P,"[[32, 33, 34, 35, 36]]"
329,6GML,A,P,"[[33, 34, 35, 36]]"
330,3C46,A,C,"[[6, 7, 8, 9]]"
331,3C46,B,D,"[[3, 4, 5, 6, 7, 8, 9]]"
332,3NAE,A,T,"[[1, 2, 3, 4]]"
333,6RWL,F,S,"[[1, 2, 3, 4]]"
334,4FLZ,A,T,"[[3, 4, 5, 6, 7]]"
335,2AQ4,A,T,"[[1, 2, 3, 4]]"
336,5ZG9,A,C,"[[7, 8, 9, 10, 11, 12]]"
337,6EE8,F,O,"[[50, 51, 52, 53, 54, 55, 56, 57]]"
338,2P5G,B,H,"[[111, 112, 113, 114, 115]]"
339,6OW3,F,H,"[[4, 5, 6, 7, 8, 9]]"
340,6OW3,C,H,"[[7, 8, 9, 10, 11]]"
341,3F2D,A,T,"[[1, 2, 3, 4]]"
342,6P70,F,H,"[[4, 5, 6, 7, 8, 9]]"
343,6P70,F,G,"[[17, 18, 19, 20]]"
344,6P70,C,H,"[[8, 9, 10, 11, 12]]"
345,6P70,C,G,"[[13, 14, 15, 16, 17, 18]]"
346,6P70,D,G,"[[13, 14, 15, 16, 17]]"
347,2O19,B,D,"[[1, 2, 3, 4, 5, 6, 7, 8]]"
348,5HTO,E,F,"[[7, 8, 9, 10]]"
349,5HTO,B,C,"[[7, 8, 9, 10]]"
350,4A8S,C,H,"[[1, 2, 3, 4, 5, 6]]"
351,4A8S,B,G,"[[10, 11, 12, 13]]"
352,3ULP,C,Q,"[[1, 2, 3, 4, 5, 6]]"
353,3ULP,D,Q,"[[18, 19, 20, 21, 22, 23, 24, 25, 26, 27, 28]]"
354,3ULP,B,R,"[[9, 10, 11, 12]]"
355,3ULP,B,R,"[[18, 19, 20, 21, 22, 23]]"
356,3ULP,B,R,"[[25, 26, 27, 28]]"
357,3ULP,A,R,"[[1, 2, 3, 4, 5, 6, 7, 8, 9, 10, 11, 12]]"
358,3PX7,A,C,"[[3, 4, 5, 6, 7, 8]]"
359,5N8S,A,C,"[[3, 4, 5, 6, 7, 8, 9, 10]]"
360,5N8S,B,D,"[[1, 2, 3, 4, 5, 6, 7, 8, 9, 10]]"
361,2HAX,B,C,"[[1, 2, 3, 4]]"
362,2HAX,B,D,"[[1, 2, 3, 4, 5, 6]]"
363,2HAX,A,C,"[[1, 2, 3, 4, 5, 6]]"
364,2HAX,A,D,"[[1, 2, 3, 4]]"
365,1R0A,A,T,"[[702, 703, 704, 705]]"
366,6ZNP,B,D,"[[-3, -2, -1, 0]]"
367,6ZNP,A,C,"[[-3, -2, -1, 0]]"
368,6LRD,A,C,"[[1, 2, 3, 4, 5, 6]]"
369,5IYC,B,X,"[[39, 40, 41, 42, 43]]"
370,5IYC,B,Y,"[[49, 50, 51, 52, 53, 54, 55, 56, 57, 58, 59, 60, 61]]"
371,5IYC,M,Y,"[[49, 50, 51, 52, 53, 54, 55], [60, 61, 62, 63]]"
372,5IYC,A,Y,"[[59, 60, 61, 62]]"
373,5ZYU,B,C,"[[3, 4, 5, 6, 7, 8, 9]]"
374,5ZYU,A,E,"[[3, 4, 5, 6, 7, 8, 9]]"
375,1J4W,A,B,"[[204, 205, 206, 207, 208, 209, 210, 211]]"
376,1J4W,A,B,"[[216, 217, 218, 219, 220, 221, 222]]"
377,7LW8,A,B,"[[9, 10, 11, 12]]"
378,4HT4,A,B,"[[20, 21, 22, 23, 24, 25, 26]]"
379,1PHJ,A,D,"[[5, 6, 7, 8]]"
380,6Z9T,f,R,"[[19, 20, 21, 22, 23, 24, 25]]"
381,6Z9T,Y,R,"[[22, 23, 24, 25]]"
382,5Y3M,B,C,"[[3, 4, 5, 6]]"
383,5Y3M,B,D,"[[3, 4, 5, 6, 7]]"
384,5Y3M,B,F,"[[1, 2, 3, 4, 5]]"
385,5Y3M,A,C,"[[3, 4, 5, 6, 7]]"
386,5OR5,A,B,"[[96, 97, 98, 99, 100, 101]]"
387,2CDM,C,D,"[[17, 18, 19, 20, 21]]"
388,3A5U,B,C,"[[7, 8, 9, 10, 11, 12, 13, 14]]"
389,3A5U,A,C,"[[26, 27, 28, 29, 30]]"
390,3F73,B,X,"[[18, 19, 20, 21]]"
391,7OTJ,B,D,"[[1, 2, 3, 4, 5]]"
392,7OTJ,A,C,"[[1, 2, 3, 4, 5]]"
393,5H9E,I,L,"[[4, 5, 6, 7, 8]]"
394,5H9E,A,L,"[[4, 5, 6, 7]]"
395,5H9E,A,M,"[[21, 22, 23, 24, 25, 26, 27, 28]]"
396,5H9E,J,L,"[[1, 2, 3, 4, 5, 6, 7, 8]]"
397,5H9E,C,M,"[[26, 27, 28, 29]]"
398,2IS1,B,E,"[[12, 13, 14, 15, 16]]"
399,2IS1,A,C,"[[12, 13, 14, 15, 16]]"
400,3K70,F,Y,"[[5, 6, 7, 8, 9, 10]]"
401,3K70,G,Y,"[[2, 3, 4, 5, 6]]"
402,3K70,E,Y,"[[46, 47, 48, 49, 50, 51]]"
403,3K70,C,X,"[[6, 7, 8, 9, 10]]"
404,3K70,B,X,"[[46, 47, 48, 49, 50, 51]]"
405,3V4R,B,C,"[[4, 5, 6, 7, 8]]"
406,3V4R,A,D,"[[4, 5, 6, 7]]"
407,1PH7,A,D,"[[2, 3, 4, 5, 6, 7, 8]]"
408,4XLS,L,R,"[[25, 26, 27, 28, 29, 30]]"
409,4XLS,F,O,"[[25, 26, 27, 28, 29, 30]]"
410,2FDC,A,D,"[[15, 16, 17, 18, 19]]"
411,3KJP,A,B,"[[3, 4, 5, 6, 7, 8, 9]]"
412,7MR4,C,X,"[[10, 11, 12, 13]]"
413,7MR4,B,A,"[[67, 68, 69, 70, 71]]"
414,4KI2,A,D,"[[1, 2, 3, 4]]"
415,5OIK,B,P,"[[36, 37, 38, 39, 40, 41]]"
416,5OIK,A,P,"[[36, 37, 38, 39, 40, 41]]"
417,5ZMD,A,B,"[[3, 4, 5, 6, 7, 8]]"
418,5ZMD,E,F,"[[3, 4, 5, 6, 7, 8]]"
419,5ZMD,G,F,"[[3, 4, 5, 6, 7]]"
420,5ZMD,C,D,"[[3, 4, 5, 6, 7, 8]]"
421,6OUL,L,P,"[[52, 53, 54, 55, 56, 57]]"
422,6X77,A,T,"[[2, 3, 4, 5]]"
423,6EDT,F,O,"[[50, 51, 52, 53, 54, 55, 56]]"
424,6EDT,F,P,"[[97, 98, 99, 100]]"
425,6EDT,C,O,"[[58, 59, 60, 61, 62]]"
426,4ER8,A,B,"[[1, 2, 3, 4, 5, 6]]"
427,3VKE,B,S,"[[1, 2, 3, 4, 5, 6]]"
428,3VKE,A,S,"[[3, 4, 5, 6]]"
429,3VKE,A,R,"[[1, 2, 3, 4, 5, 6]]"
430,3VKE,C,T,"[[2, 3, 4, 5]]"
431,3VKE,D,U,"[[2, 3, 4, 5]]"
432,6XH7,F,2,"[[18, 19, 20, 21]]"
433,6XH7,F,1,"[[68, 69, 70, 71, 72]]"
434,6XH7,C,2,"[[18, 19, 20, 21]]"
435,6XH7,C,1,"[[69, 70, 71, 72]]"
436,6Z9S,f,R,"[[19, 20, 21, 22, 23, 24, 25]]"
437,7B0H,E,A,"[[-2, -1, 0, 1, 2, 3]]"
438,7B0H,F,C,"[[-2, -1, 0, 1, 2, 3]]"
439,4A76,A,B,"[[1, 2, 3, 4, 5, 6, 7]]"
440,4A76,C,D,"[[1, 2, 3, 4, 5, 6, 7]]"
441,4A76,G,H,"[[4, 5, 6, 7]]"
442,4A76,E,F,"[[4, 5, 6, 7]]"
443,2F55,B,D,"[[14, 15, 16, 17, 18, 19]]"
444,2F55,A,D,"[[17, 18, 19, 20, 21, 22, 23, 24, 25, 26]]"
445,5N8U,A,C,"[[1, 2, 3, 4, 5, 6, 7, 8]]"
446,5N8U,B,D,"[[1, 2, 3, 4, 5, 6]]"
447,3KQN,A,E,"[[1, 2, 3, 4]]"
448,5HRU,B,C,"[[7, 8, 9, 10]]"
449,3ZH2,B,E,"[[15, 16, 17, 18]]"
450,6P4F,D,H,"[[9, 10, 11, 12]]"
451,6P4F,A,E,"[[13, 14, 15, 16, 17]]"
452,6P4F,B,F,"[[9, 10, 11, 12, 13]]"
453,6P4F,C,G,"[[14, 15, 16, 17]]"
454,4FLV,A,T,"[[1, 2, 3, 4, 5]]"
455,2PJR,B,C,"[[13, 14, 15, 16]]"
456,2PJR,A,C,"[[13, 14, 15, 16, 17]]"
457,2PJR,F,D,"[[13, 14, 15, 16, 17]]"
458,2PJR,G,D,"[[13, 14, 15, 16]]"
459,7BIL,A,C,"[[1, 2, 3, 4, 5, 6]]"
460,7BIL,B,C,"[[10, 11, 12, 13, 14]]"
461,6RO4,B,K,"[[31, 32, 33, 34, 35, 36]]"
462,7C17,F,1,"[[68, 69, 70, 71, 72, 73, 74, 75]]"
463,7C17,C,1,"[[73, 74, 75, 76, 77, 78]]"
464,4FLX,A,T,"[[1, 2, 3, 4, 5]]"
465,3DLH,A,X,"[[5, 6, 7, 8, 9, 10, 11]]"
466,3DLH,B,Y,"[[101, 102, 103, 104]]"
467,3DLH,B,Y,"[[106, 107, 108, 109]]"
468,6S3I,A,C,"[[3, 4, 5, 6, 7]]"
469,5ZYT,C,G,"[[9, 10, 11, 12, 13]]"
470,5ZYT,B,F,"[[12, 13, 14, 15, 16, 17]]"
471,5ZYT,A,E,"[[11, 12, 13, 14, 15]]"
472,5IY8,B,X,"[[39, 40, 41, 42, 43]]"
473,5IY8,B,Y,"[[49, 50, 51, 52, 53, 54, 55, 56, 57, 58, 59, 60, 61]]"
474,5IY8,M,Y,"[[49, 50, 51, 52, 53, 54, 55], [60, 61, 62, 63]]"
475,5IY8,A,Y,"[[59, 60, 61, 62]]"
476,6FWS,A,C,"[[1, 2, 3, 4, 5, 6, 7, 8, 9, 10]]"
477,6FWS,B,D,"[[1, 2, 3, 4, 5, 6, 7, 8, 9]]"
478,3Q0A,A,C,"[[6, 7, 8, 9]]"
479,3Q0A,B,D,"[[6, 7, 8, 9]]"
480,3VAH,B,E,"[[2, 3, 4, 5]]"
481,3VAH,B,P,"[[2, 3, 4, 5, 6]]"
482,3VAH,A,P,"[[3, 4, 5, 6, 7]]"
483,3GQC,B,H,"[[1, 2, 3, 4]]"
484,3GQC,A,F,"[[1, 2, 3, 4]]"
485,3GQC,D,L,"[[1, 2, 3, 4]]"
486,3GQC,C,J,"[[1, 2, 3, 4]]"
487,7LW9,A,B,"[[8, 9, 10, 11, 12]]"
488,3VAK,B,E,"[[3, 4, 5, 6, 7]]"
489,3VAK,B,P,"[[1, 2, 3, 4, 5, 6]]"
490,3VAK,A,P,"[[3, 4, 5, 6, 7]]"
491,3VAI,B,E,"[[3, 4, 5, 6, 7]]"
492,3VAI,B,P,"[[3, 4, 5, 6]]"
493,3VAI,A,P,"[[3, 4, 5, 6, 7]]"
494,4FLU,A,T,"[[1, 2, 3, 4, 5]]"
495,1MW8,X,Y,"[[702, 703, 704, 705, 706, 707]]"
496,6FWR,A,B,"[[1, 2, 3, 4, 5, 6]]"
497,4JS4,A,C,"[[2, 3, 4, 5, 6, 7, 8, 9, 10, 11, 12]]"
498,4JS4,A,D,"[[3, 4, 5, 6]]"
499,4JS4,B,D,"[[3, 4, 5, 6, 7, 8, 9, 10, 11, 12, 13, 14, 15, 16]]"
500,5N8Z,A,C,"[[1, 2, 3, 4, 5, 6, 7, 8, 9]]"
501,5N8Z,B,D,"[[1, 2, 3, 4, 5, 6, 7, 8, 9]]"
502,6Z9R,f,R,"[[19, 20, 21, 22, 23, 24, 25, 26]]"
503,5X22,F,H,"[[4, 5, 6, 7, 8, 9]]"
504,5X22,C,H,"[[7, 8, 9, 10, 11, 12, 13, 14]]"
505,5X22,M,R,"[[7, 8, 9, 10, 11, 12, 13, 14]]"
506,5X22,P,R,"[[4, 5, 6, 7, 8, 9]]"
507,7NKY,B,P,"[[-2, -1, 0, 1]]"
508,5Y3K,A,E,"[[1, 2, 3, 4]]"
509,5Y3K,B,F,"[[1, 2, 3, 4]]"
510,2IS6,B,D,"[[19, 20, 21, 22, 23]]"
511,2IS6,A,C,"[[19, 20, 21, 22, 23]]"
512,1PH1,A,D,"[[1, 2, 3, 4, 5]]"
513,7CSZ,A,C,"[[6, 7, 8, 9, 10]]"
514,7C97,F,H,"[[36, 37, 38, 39, 40, 41, 42, 43, 44, 45]]"
515,7C97,C,H,"[[45, 46, 47, 48, 49]]"
516,1UAA,B,C,"[[1, 2, 3, 4, 5, 6, 7, 8]]"
517,1UAA,A,C,"[[8, 9, 10, 11, 12, 13, 14, 15, 16]]"
518,6QEM,B,M,"[[7, 8, 9, 10, 11]]"
519,6QEM,K,M,"[[14, 15, 16, 17]]"
520,6QEM,J,M,"[[16, 17, 18, 19]]"
521,6QEM,D,M,"[[2, 3, 4, 5, 6, 7]]"
522,6QEM,G,M,"[[22, 23, 24, 25]]"
523,6QEM,E,M,"[[1, 2, 3, 4, 5]]"
524,6QEM,F,M,"[[11, 12, 13, 14, 15, 16]]"
525,6QEM,A,M,"[[9, 10, 11, 12, 13, 14, 15]]"
526,6QEM,C,M,"[[5, 6, 7, 8, 9]]"
527,2O59,B,D,"[[1, 2, 3, 4, 5, 6, 7, 8]]"
528,3WPE,A,C,"[[5, 6, 7, 8, 9]]"
529,6GFW,M,F,"[[2, 3, 4, 5, 6, 7, 8, 9, 10]]"
530,6GFW,M,G,"[[-4, -3, -2, -1]]"
531,6GFW,D,F,"[[6, 7, 8, 9]]"
532,6GFW,C,G,"[[-4, -3, -2, -1, 0, 1, 2, 3]]"
533,5ODN,E,Q,"[[1, 2, 3, 4]]"
534,5ODN,F,I,"[[1, 2, 3, 4]]"
535,5ODN,B,K,"[[1, 2, 3, 4]]"
536,5ODN,G,M,"[[1, 2, 3, 4]]"
537,3VAM,B,E,"[[3, 4, 5, 6, 7]]"
538,3VAM,B,P,"[[2, 3, 4, 5, 6]]"
539,3VAM,A,P,"[[3, 4, 5, 6, 7]]"
540,1BJ6,A,D,"[[1, 2, 3, 4, 5]]"
541,6CQ2,A,B,"[[1, 2, 3, 4, 5, 6, 7, 8, 9]]"
542,6S3H,B,E,"[[3, 4, 5, 6, 7]]"
543,6S3H,A,D,"[[3, 4, 5, 6, 7, 8]]"
544,1S76,D,N,"[[16, 17, 18, 19, 20]]"
545,6CNB,A,Y,"[[21, 22, 23, 24]]"
546,1ZTG,A,Y,"[[3, 4, 5, 6]]"
547,1ZTG,D,Y,"[[5, 6, 7, 8]]"
548,1ZTG,B,Z,"[[3, 4, 5, 6]]"
549,1ZTG,C,Z,"[[5, 6, 7, 8, 9, 10]]"
550,7C9C,B,D,"[[2, 3, 4, 5, 6, 7]]"
551,7C9C,A,D,"[[1, 2, 3, 4]]"
552,7C9C,C,D,"[[5, 6, 7, 8, 9]]"
553,5ORQ,A,B,"[[1, 2, 3, 4, 5, 6, 7, 8, 9, 10]]"
554,3H25,A,C,"[[2, 3, 4, 5, 6]]"
555,2AGP,A,D,"[[1902, 1903, 1904, 1905]]"
556,6CQI,A,B,"[[2, 3, 4, 5, 6, 7, 8, 9]]"
557,6Q4T,A,T,"[[1, 2, 3, 4]]"
558,6EEC,F,O,"[[50, 51, 52, 53, 54, 55, 56, 57]]"
559,3QNN,A,T,"[[1, 2, 3, 4]]"
560,5N8R,A,C,"[[2, 3, 4, 5, 6, 7]]"
561,5N8R,B,D,"[[2, 3, 4, 5, 6, 7]]"
562,3VAL,B,P,"[[3, 4, 5, 6]]"
563,3VAL,A,P,"[[3, 4, 5, 6, 7]]"
564,3VAL,I,K,"[[3, 4, 5, 6, 7]]"
565,3VAL,D,K,"[[2, 3, 4, 5, 6]]"
566,6VPC,B,A,"[[42, 43, 44, 45]]"
567,6VPC,B,D,"[[21, 22, 23, 24]]"
568,6VPC,F,D,"[[24, 25, 26, 27]]"
569,2NMV,A,D,"[[1, 2, 3, 4]]"
570,5N90,A,C,"[[1, 2, 3, 4, 5, 6, 7, 8, 9]]"
571,5N90,B,D,"[[1, 2, 3, 4, 5, 6, 7, 8, 9]]"
572,3KQL,A,E,"[[16, 17, 18, 19, 20, 21]]"
573,3KQL,B,F,"[[16, 17, 18, 19, 20, 21]]"
574,3MXM,B,D,"[[1, 2, 3, 4]]"
575,3MXM,A,C,"[[1, 2, 3, 4]]"
576,5NKL,A,C,"[[201, 202, 203, 204]]"
577,5XS0,O,Y,"[[1, 2, 3, 4, 5, 6, 7, 8]]"
578,5XS0,G,Y,"[[3, 4, 5, 6, 7, 8, 9, 10]]"
579,5XS0,I,Z,"[[3, 4, 5, 6]]"
580,5C5J,F,G,"[[837, 838, 839, 840]]"
581,3C2P,A,C,"[[6, 7, 8, 9]]"
582,3C2P,B,D,"[[4, 5, 6, 7, 8, 9]]"
583,5H9F,I,L,"[[4, 5, 6, 7, 8]]"
584,5H9F,A,L,"[[4, 5, 6, 7]]"
585,5H9F,A,M,"[[21, 22, 23, 24, 25, 26, 27]]"
586,5H9F,J,L,"[[1, 2, 3, 4, 5, 6, 7, 8]]"
587,4FLT,A,T,"[[1, 2, 3, 4, 5]]"
588,6RUI,A,T,"[[13, 14, 15, 16]]"
589,5IY7,B,Y,"[[51, 52, 53, 54, 55, 56, 57]]"
590,5IY7,B,Y,"[[59, 60, 61, 62, 63]]"
591,5IY7,M,Y,"[[53, 54, 55, 56, 57]]"
592,5IY7,A,Y,"[[51, 52, 53, 54]]"
593,5CHI,C,F,"[[5, 6, 7, 8]]"
594,5CHI,A,D,"[[5, 6, 7, 8]]"
595,5CHI,B,E,"[[5, 6, 7, 8]]"
596,5IYB,B,Y,"[[51, 52, 53, 54, 55, 56, 57]]"
597,5IYB,B,Y,"[[59, 60, 61, 62, 63]]"
598,5IYB,M,Y,"[[53, 54, 55, 56, 57]]"
599,5IYB,A,Y,"[[51, 52, 53, 54]]"
600,6CNF,B,Y,"[[19, 20, 21, 22]]"
601,6CNF,A,Y,"[[19, 20, 21, 22]]"
602,4YOW,A,B,"[[4, 5, 6, 7]]"
603,4YOW,E,F,"[[4, 5, 6, 7]]"
604,4YOW,C,D,"[[4, 5, 6, 7]]"
605,2OA8,A,D,"[[1, 2, 3, 4]]"
606,2OA8,B,C,"[[1, 2, 3, 4]]"
607,3GNA,A,D,"[[10, 11, 12, 13, 14]]"
608,1A1V,A,B,"[[4, 5, 6, 7, 8]]"
609,3KQH,B,C,"[[1, 2, 3, 4, 5, 6]]"
610,3KQH,A,D,"[[1, 2, 3, 4, 5, 6]]"
611,4G0R,A,C,"[[2, 3, 4, 5]]"
612,4F1H,A,C,"[[1, 2, 3, 4, 5]]"
613,3VAJ,B,E,"[[3, 4, 5, 6, 7]]"
614,3VAJ,B,P,"[[1, 2, 3, 4, 5, 6]]"
615,3VAJ,A,P,"[[3, 4, 5, 6, 7]]"
616,5V9X,A,B,"[[2, 3, 4, 5, 6, 7, 8, 9, 10, 11, 12]]"
617,3LZI,A,T,"[[1, 2, 3, 4]]"
618,6X76,A,T,"[[2, 3, 4, 5]]"
619,5Y3L,A,E,"[[1, 2, 3, 4]]"
620,5Y3L,B,F,"[[1, 2, 3, 4]]"
621,6S3N,A,C,"[[3, 4, 5, 6, 7]]"
622,6S3N,B,D,"[[3, 4, 5, 6, 7]]"
623,4HJ9,A,B,"[[1, 2, 3, 4]]"
624,4HJ9,A,B,"[[7, 8, 9, 10]]"
625,3UPU,C,F,"[[600, 601, 602, 603, 604, 605, 606, 607]]"
626,3UPU,A,D,"[[600, 601, 602, 603, 604, 605, 606, 607]]"
627,3UPU,B,E,"[[600, 601, 602, 603, 604, 605, 606, 607]]"
628,4TU9,B,E,"[[3, 4, 5, 6]]"
629,4TU9,B,P,"[[1, 2, 3, 4, 5, 6]]"
630,4TU9,A,P,"[[3, 4, 5, 6]]"
631,2ES2,A,B,"[[2, 3, 4, 5]]"
632,4FM2,A,T,"[[3, 4, 5, 6, 7]]"
