,clusterNumber100,structureId,chainId,int_ssDNA_chain,ssDNA_int
0,118,1RCN,E,D,"[[1, 2, 3, 4]]"
1,144,6K4Y,C,N,"[[45, 46, 47, 48]]"
2,144,7KHB,C,Y,"[[28, 29, 30, 31]]"
3,144,6XL5,C,T,"[[21, 22, 23, 24, 25]]"
4,144,6XL5,C,N,"[[73, 74, 75, 76]]"
5,144,6PST,I,P,"[[32, 33, 34, 35]]"
6,144,6XH7,C,2,"[[18, 19, 20, 21]]"
7,144,6XH7,C,1,"[[69, 70, 71, 72]]"
8,144,6PB6,C,2,"[[13, 14, 15, 16, 17, 18, 19, 20, 21, 22, 23, 24, 25]]"
9,144,6PB6,C,1,"[[73, 74, 75, 76, 77, 78, 79]]"
10,144,6PB5,C,2,"[[12, 13, 14, 15, 16]]"
11,144,6PB5,C,1,"[[73, 74, 75, 76, 77, 78, 79]]"
12,144,6GH5,C,F,"[[-2, -1, 0, 1]]"
13,144,6GH5,C,G,"[[-1, 0, 1, 2]]"
14,144,3IYD,C,J,"[[18, 19, 20, 21, 22, 23]]"
15,144,3IYD,C,I,"[[74, 75, 76, 77, 78, 79, 80, 81]]"
16,153,6GH5,D,F,"[[2, 3, 4, 5, 6, 7, 8]]"
17,153,6XL5,D,T,"[[20, 21, 22, 23]]"
18,153,6PB5,D,2,"[[12, 13, 14, 15]]"
19,153,6PB6,D,2,"[[12, 13, 14, 15, 16]]"
20,153,3IYD,D,J,"[[16, 17, 18, 19, 20, 21, 22]]"
21,207,2AGP,A,D,"[[1902, 1903, 1904, 1905]]"
22,207,1RYS,B,F,"[[1901, 1902, 1903, 1904]]"
23,207,4TQR,A,T,"[[1, 2, 3, 4, 5]]"
24,207,2ASD,B,J,"[[1901, 1902, 1903, 1904, 1905]]"
25,362,5VOI,C,H,"[[7, 8, 9, 10, 11, 12]]"
26,362,5VOI,C,G,"[[15, 16, 17, 18]]"
27,362,6CUU,C,H,"[[7, 8, 9, 10, 11, 12]]"
28,362,6CUU,C,G,"[[13, 14, 15, 16]]"
29,362,4G7H,C,H,"[[7, 8, 9, 10, 11, 12, 13, 14]]"
30,362,4G7H,C,G,"[[14, 15, 16, 17, 18, 19]]"
31,362,4G7H,M,R,"[[7, 8, 9, 10, 11, 12, 13, 14]]"
32,362,4OIQ,C,H,"[[7, 8, 9, 10, 11, 12, 13, 14]]"
33,362,4OIQ,C,G,"[[15, 16, 17, 18]]"
34,362,4Q4Z,C,H,"[[7, 8, 9, 10, 11, 12, 13, 14]]"
35,362,4OIP,C,H,"[[7, 8, 9, 10, 11, 12, 13, 14]]"
36,362,4OIP,C,G,"[[14, 15, 16, 17, 18]]"
37,362,4OIO,C,H,"[[7, 8, 9, 10, 11, 12, 13, 14, 15]]"
38,362,4OIR,C,H,"[[9, 10, 11, 12, 13, 14]]"
39,362,4G7Z,C,H,"[[7, 8, 9, 10, 11, 12, 13, 14]]"
40,362,4G7Z,C,G,"[[14, 15, 16, 17, 18]]"
41,362,4G7Z,M,Q,"[[14, 15, 16, 17, 18, 19]]"
42,362,4G7Z,M,R,"[[7, 8, 9, 10, 11, 12, 13, 14]]"
43,376,5VOI,D,G,"[[13, 14, 15, 16, 17]]"
44,376,6CUU,D,G,"[[13, 14, 15, 16]]"
45,376,4G7H,D,G,"[[14, 15, 16, 17]]"
46,376,4OIQ,D,G,"[[14, 15, 16, 17]]"
47,376,4OIP,D,G,"[[14, 15, 16, 17]]"
48,376,4OIN,D,G,"[[14, 15, 16, 17]]"
49,376,4G7Z,N,Q,"[[14, 15, 16, 17]]"
50,376,4G7Z,D,G,"[[14, 15, 16, 17]]"
51,405,6K4Y,F,N,"[[38, 39, 40, 41, 42, 43, 44]]"
52,405,6PSV,L,O,"[[52, 53, 54, 55, 56]]"
53,405,7KHB,F,Y,"[[23, 24, 25, 26, 27, 28]]"
54,405,7KHB,F,X,"[[50, 51, 52, 53, 54, 55]]"
55,405,6XL5,F,T,"[[18, 19, 20, 21]]"
56,405,6XL5,F,N,"[[66, 67, 68, 69, 70, 71]]"
57,405,6PSU,L,O,"[[52, 53, 54, 55, 56, 57]]"
58,405,6CA0,F,G,"[[39, 40, 41, 42, 43, 44]]"
59,405,7KHI,F,X,"[[50, 51, 52, 53, 54, 55]]"
60,405,7KHE,F,X,"[[50, 51, 52, 53, 54, 55]]"
61,405,6PST,L,P,"[[32, 33, 34, 35, 36]]"
62,405,6XH7,F,2,"[[18, 19, 20, 21]]"
63,405,6XH7,F,1,"[[68, 69, 70, 71, 72]]"
64,405,6PB6,F,2,"[[15, 16, 17, 18, 19, 20, 21, 22, 23, 24, 25, 26, 27]]"
65,405,6PB6,F,1,"[[64, 65, 66, 67, 68, 69, 70]]"
66,405,6PB5,F,2,"[[18, 19, 20, 21, 22, 23, 24, 25, 26]]"
67,405,6PB5,F,1,"[[65, 66, 67, 68, 69, 70]]"
68,469,6Q4U,A,C,"[[201, 202, 203, 204]]"
69,469,5NKL,A,C,"[[201, 202, 203, 204]]"
70,469,3SYZ,A,C,"[[201, 202, 203, 204]]"
71,591,4G7Z,F,H,"[[4, 5, 6, 7, 8, 9]]"
72,591,4OIR,F,H,"[[4, 5, 6, 7, 8, 9]]"
73,591,4Q4Z,F,H,"[[4, 5, 6, 7, 8, 9]]"
74,591,4OIO,F,H,"[[4, 5, 6, 7, 8, 9]]"
75,591,4OIO,F,G,"[[16, 17, 18, 19]]"
76,591,4G7H,P,R,"[[4, 5, 6, 7, 8, 9]]"
77,591,4G7Z,P,R,"[[4, 5, 6, 7, 8, 9]]"
78,591,4OIQ,F,H,"[[4, 5, 6, 7, 8, 9]]"
79,591,4G7H,F,H,"[[4, 5, 6, 7, 8, 9]]"
80,591,5VOI,F,H,"[[4, 5, 6, 7, 8, 9]]"
81,591,4OIP,F,H,"[[4, 5, 6, 7, 8, 9]]"
82,591,4OIN,F,H,"[[4, 5, 6, 7, 8, 9]]"
83,591,4OIO,F,H,"[[4, 5, 6, 7, 8, 9]]"
84,591,4OIO,F,G,"[[16, 17, 18, 19]]"
85,856,5UHA,D,G,"[[14, 15, 16, 17]]"
86,856,5UHD,D,G,"[[14, 15, 16, 17]]"
87,856,5UHE,D,G,"[[14, 15, 16, 17]]"
88,968,6DVD,C,H,"[[6, 7, 8, 9, 10, 11, 12, 13, 14, 15]]"
89,968,5UHA,C,H,"[[9, 10, 11, 12, 13, 14]]"
90,968,5UHA,C,G,"[[14, 15, 16, 17, 18, 19]]"
91,968,6DVE,C,H,"[[6, 7, 8, 9, 10, 11, 12, 13, 14, 15]]"
92,968,5UHD,C,H,"[[9, 10, 11, 12, 13, 14]]"
93,968,5UHD,C,G,"[[14, 15, 16, 17, 18]]"
94,968,5UHG,C,H,"[[9, 10, 11, 12, 13, 14]]"
95,968,5UHF,C,H,"[[9, 10, 11, 12, 13, 14]]"
96,968,5UHE,C,H,"[[9, 10, 11, 12, 13, 14]]"
97,968,5UHE,C,G,"[[14, 15, 16, 17]]"
98,968,5UHB,C,H,"[[9, 10, 11, 12, 13, 14]]"
99,968,5UHE,C,H,"[[9, 10, 11, 12, 13, 14]]"
100,968,5UHE,C,G,"[[14, 15, 16, 17]]"
101,968,5UHA,C,H,"[[9, 10, 11, 12, 13, 14]]"
102,968,5UHA,C,G,"[[14, 15, 16, 17, 18, 19]]"
103,968,5UHD,C,H,"[[9, 10, 11, 12, 13, 14]]"
104,968,5UHD,C,G,"[[14, 15, 16, 17, 18]]"
105,972,3IYD,H,J,"[[83, 84, 85, 86]]"
106,1142,3RMD,D,K,"[[1, 2, 3, 4, 5]]"
107,1142,2P5G,B,H,"[[111, 112, 113, 114, 115]]"
108,1142,7F4Y,B,S,"[[1, 2, 3, 4]]"
109,1247,1KDH,A,D,"[[1, 2, 3, 4]]"
110,1302,5UHD,F,H,"[[4, 5, 6, 7, 8, 9]]"
111,1302,5UHE,F,H,"[[4, 5, 6, 7, 8, 9]]"
112,1302,5UHB,F,H,"[[4, 5, 6, 7, 8, 9]]"
113,1302,5UHF,F,H,"[[4, 5, 6, 7, 8, 9]]"
114,1302,6EEC,F,O,"[[50, 51, 52, 53, 54, 55, 56, 57]]"
115,1302,5UHG,F,H,"[[4, 5, 6, 7, 8, 9]]"
116,1302,6EDT,F,P,"[[97, 98, 99, 100]]"
117,1302,6EDT,F,O,"[[50, 51, 52, 53, 54, 55, 56]]"
118,1302,6EE8,F,O,"[[50, 51, 52, 53, 54, 55, 56, 57]]"
119,1302,5UHA,F,H,"[[4, 5, 6, 7, 8, 9]]"
120,1302,6EDT,F,P,"[[97, 98, 99, 100]]"
121,1302,6EDT,F,O,"[[50, 51, 52, 53, 54, 55, 56]]"
122,1417,6SKO,3,I,"[[10, 11, 12, 13]]"
123,1417,5U8T,3,F,"[[5, 6, 7, 8, 9]]"
124,1417,5U8S,3,F,"[[18, 19, 20, 21]]"
125,1418,6SKO,7,I,"[[7, 8, 9, 10, 11]]"
126,1503,6SKO,2,I,"[[2, 3, 4, 5]]"
127,1503,5U8T,2,F,"[[10, 11, 12, 13]]"
128,1504,6SKO,5,I,"[[11, 12, 13, 14]]"
129,1504,5U8T,5,F,"[[5, 6, 7, 8, 9, 10, 11]]"
130,1504,5U8S,5,F,"[[18, 19, 20, 21]]"
131,1505,6SKO,6,I,"[[3, 4, 5, 6, 7]]"
132,1602,6SKO,4,I,"[[6, 7, 8, 9]]"
133,1738,5IYC,A,Y,"[[59, 60, 61, 62]]"
134,1738,5IYB,A,Y,"[[51, 52, 53, 54]]"
135,1966,4A8F,B,G,"[[4, 5, 6, 7]]"
136,2069,6CND,A,Y,"[[20, 21, 22, 23]]"
137,2069,6CNF,A,Y,"[[19, 20, 21, 22]]"
138,2069,6CNB,A,Y,"[[21, 22, 23, 24]]"
139,2069,6CNC,A,Y,"[[20, 21, 22, 23, 24]]"
140,2070,6CNF,B,Y,"[[19, 20, 21, 22]]"
141,2070,6CNC,B,Y,"[[21, 22, 23, 24]]"
142,2255,3K70,F,Y,"[[5, 6, 7, 8, 9, 10]]"
143,2255,3K70,C,X,"[[6, 7, 8, 9, 10]]"
144,2255,1W36,C,Y,"[[1, 2, 3, 4]]"
145,2255,1W36,F,Z,"[[1, 2, 3, 4]]"
146,2268,3K70,G,Y,"[[2, 3, 4, 5, 6]]"
147,2390,3ZH2,B,E,"[[15, 16, 17, 18]]"
148,2440,7JY6,B,U,"[[33, 34, 35, 36, 37, 38, 39, 40, 41]]"
149,2440,7JY6,B,S,"[[20, 21, 22, 23, 24, 25]]"
150,2440,7JY6,A,U,"[[38, 39, 40, 41, 42, 43, 44, 45]]"
151,2440,7JY6,A,S,"[[23, 24, 25, 26, 27]]"
152,2440,7JY6,G,U,"[[8, 9, 10, 11, 12, 13, 14, 15, 16]]"
153,2440,7JY6,G,S,"[[5, 6, 7, 8, 9, 10]]"
154,2440,7JY6,C,U,"[[28, 29, 30, 31, 32, 33, 34, 35, 36]]"
155,2440,7JY6,C,S,"[[17, 18, 19, 20, 21, 22, 23]]"
156,2440,7JY6,E,U,"[[18, 19, 20, 21, 22, 23, 24, 25, 26]]"
157,2440,7JY6,E,S,"[[11, 12, 13, 14, 15, 16]]"
158,2440,7JY6,H,U,"[[7, 8, 9, 10, 11]]"
159,2440,7JY6,H,S,"[[2, 3, 4, 5, 6, 7]]"
160,2440,7JY6,F,U,"[[13, 14, 15, 16, 17, 18, 19, 20, 21]]"
161,2440,7JY6,F,S,"[[8, 9, 10, 11, 12, 13]]"
162,2440,7JY6,I,S,"[[1, 2, 3, 4]]"
163,2440,7JY7,E,U,"[[20, 21, 22, 23, 24, 25, 26, 27, 28]]"
164,2440,7JY7,D,U,"[[25, 26, 27, 28, 29, 30, 31]]"
165,2440,7JY7,F,U,"[[18, 19, 20, 21, 22, 23]]"
166,2440,7JY7,F,S,"[[8, 9, 10, 11, 12]]"
167,2440,7JY7,H,S,"[[2, 3, 4, 5, 6, 7]]"
168,2440,7JY7,I,S,"[[1, 2, 3, 4]]"
169,2440,7JY9,E,U,"[[19, 20, 21, 22]]"
170,2440,7JY9,E,S,"[[11, 12, 13, 14, 15]]"
171,2440,7JY9,G,S,"[[5, 6, 7, 8, 9, 10, 11]]"
172,2440,7JY9,I,S,"[[1, 2, 3, 4]]"
173,2440,7JY8,G,S,"[[5, 6, 7, 8, 9, 10]]"
174,2462,6CUU,F,H,"[[4, 5, 6, 7, 8, 9]]"
175,3323,5DQT,I,P,"[[29, 30, 31, 32, 33]]"
176,3323,5DLJ,A,H,"[[30, 31, 32, 33, 34, 35, 36, 37, 38]]"
177,3323,5DQT,K,G,"[[2, 3, 4, 5, 6]]"
178,3323,5VVL,A,J,"[[12, 13, 14, 15, 16]]"
179,3323,5DQT,A,H,"[[29, 30, 31, 32, 33]]"
180,3323,5DQT,L,O,"[[30, 31, 32, 33, 34]]"
181,3323,5DQU,D,I,"[[611, 612, 613, 614, 615]]"
182,3323,5DQU,A,H,"[[11, 12, 13, 14, 15]]"
183,3323,5VVJ,A,H,"[[24, 25, 26, 27, 28]]"
184,3323,5WFE,A,H,"[[24, 25, 26, 27, 28]]"
185,3323,5VVJ,C,G,"[[24, 25, 26, 27, 28]]"
186,3323,5VVL,C,K,"[[12, 13, 14, 15, 16]]"
187,3323,5DQZ,A,G,"[[30, 31, 32, 33, 34, 35, 36]]"
188,3323,5DQT,D,G,"[[30, 31, 32, 33, 34]]"
189,3323,5DQZ,B,G,"[[31, 32, 33, 34, 35, 36]]"
190,3323,5DQZ,C,H,"[[31, 32, 33, 34, 35, 36]]"
191,3571,2ES2,A,B,"[[2, 3, 4, 5]]"
192,3665,6EDT,C,O,"[[58, 59, 60, 61, 62]]"
193,4004,7F49,A,B,"[[12, 13, 14, 15, 16, 17, 18]]"
194,4542,4DPV,Z,N,"[[1, 2, 3, 4, 5]]"
195,4708,3GLG,F,M,"[[7, 8, 9, 10]]"
196,4708,3GLI,F,M,"[[2, 3, 4, 5]]"
197,4871,3K70,E,Y,"[[46, 47, 48, 49, 50, 51]]"
198,4871,3K70,B,X,"[[46, 47, 48, 49, 50, 51]]"
199,4871,1W36,B,Y,"[[40, 41, 42, 43]]"
200,5286,3G2C,A,I,"[[1, 2, 3, 4]]"
201,5286,3G2C,B,I,"[[1, 2, 3, 4]]"
202,5950,3KQU,A,M,"[[14, 15, 16, 17, 18]]"
203,5950,3KQL,B,F,"[[16, 17, 18, 19, 20, 21]]"
204,5950,3KQH,B,C,"[[1, 2, 3, 4, 5, 6]]"
205,5950,3KQH,A,D,"[[1, 2, 3, 4, 5, 6]]"
206,5950,3KQK,B,C,"[[1, 2, 3, 4, 5, 6]]"
207,5950,3KQK,A,D,"[[1, 2, 3, 4, 5, 6]]"
208,5950,3KQN,A,E,"[[1, 2, 3, 4]]"
209,5960,5YWV,B,D,"[[4, 5, 6, 7]]"
210,5960,5YWT,A,C,"[[4, 5, 6, 7, 8, 9]]"
211,5978,5HRU,B,C,"[[7, 8, 9, 10]]"
212,6134,6K3J,A,B,"[[385, 386, 387, 388, 389, 390, 391, 392, 393, 394]]"
213,6314,4H5Q,A,D,"[[4, 5, 6, 7, 8, 9, 10]]"
214,6314,4H5Q,C,D,"[[1, 2, 3, 4, 5]]"
215,6314,4H5Q,B,D,"[[9, 10, 11, 12, 13]]"
216,6565,2O59,B,D,"[[1, 2, 3, 4, 5, 6, 7, 8]]"
217,6565,2O54,B,D,"[[1, 2, 3, 4, 5, 6, 7, 8]]"
218,6565,2O19,B,D,"[[1, 2, 3, 4, 5, 6, 7, 8]]"
219,6769,5Y3L,B,F,"[[1, 2, 3, 4]]"
220,6769,5Y3K,B,F,"[[1, 2, 3, 4]]"
221,7701,5DLO,A,B,"[[2, 3, 4, 5, 6, 7, 8]]"
222,8368,4A8Y,C,H,"[[4, 5, 6, 7, 8, 9]]"
223,8368,4A8S,C,H,"[[1, 2, 3, 4, 5, 6]]"
224,8368,4A8S,B,G,"[[10, 11, 12, 13]]"
225,8368,4A8Q,C,H,"[[3, 4, 5, 6]]"
226,8444,6CQI,A,B,"[[2, 3, 4, 5, 6, 7, 8, 9]]"
227,8444,6CQ2,A,B,"[[1, 2, 3, 4, 5, 6, 7, 8, 9]]"
228,9087,3N1J,A,B,"[[1, 2, 3, 4]]"
229,9114,4HQX,A,C,"[[17, 18, 19, 20]]"
230,9114,4HQU,A,C,"[[17, 18, 19, 20]]"
231,9569,4A76,A,B,"[[1, 2, 3, 4, 5, 6, 7]]"
232,9569,4A76,G,H,"[[4, 5, 6, 7]]"
233,9569,4A76,E,F,"[[4, 5, 6, 7]]"
234,9569,4A76,C,D,"[[1, 2, 3, 4, 5, 6, 7]]"
235,9569,4A75,G,H,"[[2, 3, 4, 5, 6, 7]]"
236,9569,4A75,E,F,"[[3, 4, 5, 6]]"
237,9569,4A75,C,D,"[[2, 3, 4, 5, 6, 7]]"
238,9569,4A75,A,B,"[[3, 4, 5, 6]]"
239,10201,2C62,A,C,"[[5, 6, 7, 8, 9]]"
240,10201,2C62,B,C,"[[16, 17, 18, 19, 20]]"
241,10201,6YCS,A,E,"[[11, 12, 13, 14, 15, 16, 17]]"
242,10201,6YCS,C,E,"[[9, 10, 11, 12, 13, 14]]"
243,10201,6YCS,B,E,"[[14, 15, 16, 17]]"
244,10201,6YCS,B,F,"[[10, 11, 12, 13]]"
245,10201,6YCS,D,F,"[[10, 11, 12, 13]]"
246,10473,6YKF,A,B,"[[1, 2, 3, 4, 5]]"
247,10572,6GVT,B,A,"[[2, 3, 4, 5, 6, 7, 8, 9]]"
248,10572,6GVQ,B,A,"[[1, 2, 3, 4, 5, 6, 7]]"
249,10572,6GVU,B,A,"[[1, 2, 3, 4, 5, 6, 7]]"
250,10573,6JDG,B,G,"[[3, 4, 5, 6, 7, 8, 9, 10]]"
251,10573,6JDG,A,F,"[[4, 5, 6, 7, 8, 9, 10]]"
252,10665,1M07,B,D,"[[1, 2, 3, 4]]"
253,11359,4KI2,A,D,"[[1, 2, 3, 4]]"
254,11516,5F55,A,C,"[[194, 195, 196, 197, 198]]"
255,11516,5F55,A,C,"[[201, 202, 203, 204]]"
256,11516,5F56,A,C,"[[1, 2, 3, 4, 5, 6, 7, 8, 9]]"
257,12743,3QYX,A,E,"[[2, 3, 4, 5]]"
258,12955,4K8X,A,T,"[[1, 2, 3, 4]]"
259,13159,4LUP,A,B,"[[107, 108, 109, 110]]"
260,15654,6QEM,B,M,"[[7, 8, 9, 10, 11]]"
261,15654,6QEM,A,M,"[[9, 10, 11, 12, 13, 14, 15]]"
262,15654,6QEM,C,M,"[[5, 6, 7, 8, 9]]"
263,15654,6QEM,E,M,"[[1, 2, 3, 4, 5]]"
264,15654,6QEM,D,M,"[[2, 3, 4, 5, 6, 7]]"
265,15654,6QEM,F,M,"[[11, 12, 13, 14, 15, 16]]"
266,15957,2VTB,D,J,"[[1, 2, 3, 4, 5]]"
267,15957,2VTB,C,I,"[[1, 2, 3, 4, 5]]"
268,15957,2VTB,A,G,"[[1, 2, 3, 4, 5]]"
269,15957,2VTB,E,K,"[[2, 3, 4, 5]]"
270,16496,1X0F,A,B,"[[2, 3, 4, 5]]"
271,16754,3RA0,A,B,"[[1, 2, 3, 4]]"
272,16895,5K7Z,B,E,"[[1, 2, 3, 4]]"
273,17174,3GP8,A,X,"[[1, 2, 3, 4, 5, 6, 7, 8]]"
274,17174,3GPL,A,X,"[[2, 3, 4, 5, 6, 7, 8]]"
275,17313,5IP3,C,E,"[[1, 2, 3, 4, 5, 6, 7]]"
276,17313,5IP3,B,D,"[[1, 2, 3, 4]]"
277,17313,5IP3,A,F,"[[1, 2, 3, 4, 5]]"
278,17461,3SZ5,A,B,"[[210, 211, 212, 213]]"
279,18986,3DNV,B,T,"[[701, 702, 703, 704]]"
280,19510,2A0I,A,B,"[[1, 2, 3, 4]]"
281,19514,5ZVA,A,C,"[[4, 5, 6, 7, 8]]"
282,19514,5ZVB,A,C,"[[4, 5, 6, 7, 8]]"
283,19514,5ZVA,B,C,"[[6, 7, 8, 9]]"
284,19514,5ZVB,B,C,"[[6, 7, 8, 9]]"
285,21966,5TKZ,B,C,"[[15, 16, 17, 18, 19]]"
286,21966,5TKZ,A,C,"[[35, 36, 37, 38, 39]]"
287,23556,6QEM,G,M,"[[22, 23, 24, 25]]"
288,23556,6QEM,J,M,"[[16, 17, 18, 19]]"
289,23556,6QEM,K,M,"[[14, 15, 16, 17]]"
290,25485,5ZYU,B,C,"[[3, 4, 5, 6, 7, 8, 9]]"
291,26147,5CHI,B,E,"[[5, 6, 7, 8]]"
292,26147,5CHI,C,F,"[[5, 6, 7, 8]]"
293,26147,5CHI,A,D,"[[5, 6, 7, 8]]"
294,26634,1S40,A,B,"[[1, 2, 3, 4, 5, 6, 7, 8, 9, 10, 11]]"
295,27415,4PSO,D,E,"[[-3, -2, -1, 0, 1]]"
296,27415,4PSO,C,E,"[[-3, -2, -1, 0, 1, 2]]"
297,27415,4PSO,I,Z,"[[11, 12, 13, 14]]"
298,27415,4PSO,H,Z,"[[11, 12, 13, 14]]"
299,27415,4PSO,A,L,"[[4, 5, 6, 7, 8, 9]]"
300,27415,4PSO,B,L,"[[4, 5, 6, 7, 8, 9, 10]]"
301,27415,4PSO,F,X,"[[7, 8, 9, 10]]"
302,28835,1JMC,A,B,"[[11, 12, 13, 14, 15, 16, 17, 18]]"
303,31837,1MW8,X,Y,"[[702, 703, 704, 705, 706, 707]]"
304,32210,5ZG9,A,C,"[[7, 8, 9, 10, 11, 12]]"
305,32559,1ZVV,B,T,"[[700, 701, 702, 703, 704]]"
306,32559,1ZVV,A,O,"[[700, 701, 702, 703, 704]]"
307,32559,1ZVV,G,R,"[[700, 701, 702, 703, 704]]"
308,32754,2P6R,A,X,"[[18, 19, 20, 21, 22, 23, 24, 25]]"
309,33173,3UDG,A,G,"[[1, 2, 3, 4]]"
310,33173,3UDG,B,E,"[[1, 2, 3, 4, 5]]"
311,33173,3UDG,C,D,"[[1, 2, 3, 4, 5]]"
312,33723,2VYE,A,C,"[[2006, 2007, 2008, 2009]]"
313,33723,2VYE,B,C,"[[2006, 2007, 2008, 2009]]"
314,33909,1EYG,A,R,"[[111, 112, 113, 114]]"
315,33909,1EYG,A,R,"[[119, 120, 121, 122, 123, 124, 125, 126, 127]]"
316,33909,1EYG,A,Q,"[[13, 14, 15, 16, 17]]"
317,33909,1EYG,B,R,"[[106, 107, 108, 109, 110, 111, 112, 113, 114]]"
318,33909,1EYG,D,Q,"[[25, 26, 27, 28, 29, 30]]"
319,34214,5EAN,A,B,"[[11, 12, 13, 14, 15]]"
320,34877,7CSZ,A,C,"[[6, 7, 8, 9, 10]]"
321,35406,6K8O,A,B,"[[701, 702, 703, 704, 705, 706, 707, 708]]"
322,36247,2CCZ,A,C,"[[3, 4, 5, 6, 7, 8]]"
323,36696,5W2M,J,N,"[[901, 902, 903, 904]]"
324,36696,5W2M,L,N,"[[907, 908, 909, 910]]"
